source_name,source_stream,source_type,image_count,active_days,first_date,last_date,open_source_count,mean_width,mean_height,share_of_images,open_source_rate,rank
NASA GIBS,nasa_gibs,satellite_image,429,429,2022-04-20,2026-04-14,429,512.0,512.0,0.2936344969199179,1.0,1
fxstreet.com,gdelt_doc_socialimage,news_image,117,117,2022-05-03,2026-02-09,0,732.0512820512821,459.56410256410254,0.08008213552361396,0.0,2
Wikimedia Commons,wikimedia,commons,103,103,2022-04-17,2026-04-12,103,691.3592233009708,447.3009708737864,0.07049965776865161,1.0,3
Unsplash,unsplash,stock_photo,91,91,2022-04-28,2026-03-21,91,400.0,268.13186813186815,0.06228610540725531,1.0,4
Copernicus Data Space OGC,copernicus_ogc,satellite_image,89,89,2022-04-25,2026-04-15,89,512.0,512.0,0.06091718001368925,1.0,5
Pexels,pexels,stock_photo,63,63,2022-04-29,2026-04-11,63,523.8095238095239,350.0,0.043121149897330596,1.0,6
economictimes.indiatimes.com,gdelt_doc_socialimage,news_image,51,51,2022-05-07,2026-04-16,0,768.0,406.8235294117647,0.03490759753593429,0.0,7
dailyfx.com,gdelt_doc_socialimage,news_image,47,47,2022-04-26,2023-12-03,0,642.1276595744681,365.8510638297872,0.03216974674880219,0.0,8
oilprice.com,gdelt_doc_socialimage,news_image,30,30,2022-04-19,2026-01-23,0,718.0,300.0,0.02053388090349076,0.0,9
menafn.com,gdelt_doc_socialimage,news_image,28,28,2022-04-22,2024-09-22,0,707.0714285714286,421.5357142857143,0.019164955509924708,0.0,10
auto.economictimes.indiatimes.com,gdelt_doc_socialimage,news_image,17,17,2023-06-13,2026-02-20,0,768.0,452.70588235294116,0.01163586584531143,0.0,11
businesstoday.in,gdelt_doc_socialimage,news_image,17,17,2022-04-21,2023-09-29,0,768.0,432.0,0.01163586584531143,0.0,12
seekingalpha.com,gdelt_doc_socialimage,news_image,17,17,2022-06-19,2025-12-02,0,728.8235294117648,477.29411764705884,0.01163586584531143,0.0,13
thehindubusinessline.com,gdelt_doc_socialimage,news_image,17,17,2022-08-18,2026-02-19,0,732.0,411.52941176470586,0.01163586584531143,0.0,14
dunyanews.tv,gdelt_doc_socialimage,news_image,16,16,2024-01-06,2026-02-04,0,759.0,424.8125,0.010951403148528405,0.0,15
businesstimes.com.sg,gdelt_doc_socialimage,news_image,14,14,2024-04-08,2026-01-12,0,768.0,515.5,0.009582477754962354,0.0,16
finanznachrichten.de,gdelt_doc_socialimage,news_image,13,13,2022-07-14,2026-02-05,0,202.0,202.0,0.00889801505817933,0.0,17
benzinga.com,gdelt_doc_socialimage,news_image,11,11,2023-03-24,2026-03-02,0,761.8181818181819,444.8181818181818,0.007529089664613279,0.0,18
econotimes.com,gdelt_doc_socialimage,news_image,11,11,2024-10-15,2026-01-21,0,743.2727272727273,471.90909090909093,0.007529089664613279,0.0,19
moneycontrol.com,gdelt_doc_socialimage,news_image,11,11,2023-11-09,2025-05-01,0,744.7272727272727,423.1818181818182,0.007529089664613279,0.0,20
aleqt.com,gdelt_doc_socialimage,news_image,10,10,2022-05-06,2026-03-05,0,757.6,459.4,0.006844626967830253,0.0,21
channelnewsasia.com,gdelt_doc_socialimage,news_image,10,10,2023-04-06,2026-02-18,0,600.0,338.0,0.006844626967830253,0.0,22
armenpress.am,gdelt_doc_socialimage,news_image,7,7,2024-01-25,2024-04-30,0,670.0,450.0,0.004791238877481177,0.0,23
dailytimes.com.pk,gdelt_doc_socialimage,news_image,7,7,2022-05-31,2026-01-24,0,633.7142857142857,383.14285714285717,0.004791238877481177,0.0,24
en.apa.az,gdelt_doc_socialimage,news_image,7,7,2024-07-13,2025-12-13,0,768.0,512.0,0.004791238877481177,0.0,25
leadership.ng,gdelt_doc_socialimage,news_image,7,7,2023-08-16,2025-09-20,0,735.1428571428571,434.2857142857143,0.004791238877481177,0.0,26
markets.financialcontent.com,gdelt_doc_socialimage,news_image,7,7,2025-10-14,2025-12-03,0,768.0,512.0,0.004791238877481177,0.0,27
baystreet.ca,gdelt_doc_socialimage,news_image,6,6,2023-06-22,2026-04-10,0,695.0,314.0,0.004106776180698152,0.0,28
dailypost.ng,gdelt_doc_socialimage,news_image,6,6,2023-09-28,2025-09-21,0,753.3333333333334,479.1666666666667,0.004106776180698152,0.0,29
english.aawsat.com,gdelt_doc_socialimage,news_image,6,6,2024-02-29,2026-03-08,0,768.0,483.3333333333333,0.004106776180698152,0.0,30
forexlive.com,gdelt_doc_socialimage,news_image,5,5,2024-07-19,2025-04-23,0,764.8,389.4,0.0034223134839151265,0.0,31
liputan6.com,gdelt_doc_socialimage,news_image,5,5,2023-03-09,2026-02-14,0,768.0,432.0,0.0034223134839151265,0.0,32
thisdaylive.com,gdelt_doc_socialimage,news_image,5,5,2023-07-02,2025-10-12,0,671.2,377.4,0.0034223134839151265,0.0,33
zawya.com,gdelt_doc_socialimage,news_image,5,5,2023-04-01,2026-02-07,0,752.6,501.6,0.0034223134839151265,0.0,34
aa.com.tr,gdelt_doc_socialimage,news_image,4,4,2022-11-02,2024-07-11,0,768.0,432.0,0.0027378507871321013,0.0,35
actualno.com,gdelt_doc_socialimage,news_image,4,4,2022-06-23,2024-12-23,0,768.0,511.5,0.0027378507871321013,0.0,36
aninews.in,gdelt_doc_socialimage,news_image,4,4,2023-10-04,2025-02-15,0,600.0,450.0,0.0027378507871321013,0.0,37
fool.com,gdelt_doc_socialimage,news_image,4,4,2022-06-22,2023-07-11,0,768.0,490.25,0.0027378507871321013,0.0,38
punchng.com,gdelt_doc_socialimage,news_image,4,4,2023-03-06,2023-12-25,0,637.5,392.25,0.0027378507871321013,0.0,39
teraz.sk,gdelt_doc_socialimage,news_image,4,4,2024-07-07,2025-12-21,0,768.0,523.0,0.0027378507871321013,0.0,40
actionforex.com,gdelt_doc_socialimage,news_image,3,3,2025-03-13,2026-02-11,0,664.0,439.3333333333333,0.002053388090349076,0.0,41
cnbc.com,gdelt_doc_socialimage,news_image,3,3,2024-01-21,2026-02-01,0,710.0,462.3333333333333,0.002053388090349076,0.0,42
en.ammonnews.net,gdelt_doc_socialimage,news_image,3,3,2023-10-17,2024-12-02,0,350.0,196.66666666666666,0.002053388090349076,0.0,43
finance.ifeng.com,gdelt_doc_socialimage,news_image,3,3,2024-07-22,2025-09-03,0,570.3333333333334,320.6666666666667,0.002053388090349076,0.0,44
foxbusiness.com,gdelt_doc_socialimage,news_image,3,3,2023-06-12,2025-12-19,0,768.0,485.3333333333333,0.002053388090349076,0.0,45
marketwatch.com,gdelt_doc_socialimage,news_image,3,3,2022-06-07,2024-01-24,0,768.0,384.0,0.002053388090349076,0.0,46
shipandbunker.com,gdelt_doc_socialimage,news_image,3,3,2022-05-28,2024-11-27,0,75.0,75.0,0.002053388090349076,0.0,47
tribune.com.pk,gdelt_doc_socialimage,news_image,3,3,2022-09-03,2023-08-19,0,768.0,554.6666666666666,0.002053388090349076,0.0,48
ammonnews.net,gdelt_doc_socialimage,news_image,2,2,2023-08-11,2024-10-02,0,350.0,196.0,0.0013689253935660506,0.0,49
barrons.com,gdelt_doc_socialimage,news_image,2,2,2023-12-21,2025-06-07,0,768.0,384.0,0.0013689253935660506,0.0,50
bizcommunity.com,gdelt_doc_socialimage,news_image,2,2,2024-12-29,2025-04-01,0,734.0,381.5,0.0013689253935660506,0.0,51
cardu.com.tw,gdelt_doc_socialimage,news_image,2,2,2023-06-11,2026-02-15,0,750.0,500.0,0.0013689253935660506,0.0,52
channelstv.com,gdelt_doc_socialimage,news_image,2,2,2025-09-24,2025-10-29,0,650.0,350.0,0.0013689253935660506,0.0,53
citizen.co.za,gdelt_doc_socialimage,news_image,2,2,2025-05-02,2026-01-04,0,768.0,510.0,0.0013689253935660506,0.0,54
edition.cnn.com,gdelt_doc_socialimage,news_image,2,2,2023-12-18,2025-09-07,0,768.0,432.0,0.0013689253935660506,0.0,55
energy.economictimes.indiatimes.com,gdelt_doc_socialimage,news_image,2,2,2023-06-14,2023-12-26,0,768.0,489.0,0.0013689253935660506,0.0,56
fool.com.au,gdelt_doc_socialimage,news_image,2,2,2024-04-23,2025-06-05,0,768.0,432.0,0.0013689253935660506,0.0,57
futures.jrj.com.cn,gdelt_doc_socialimage,news_image,2,2,2023-10-29,2024-03-17,0,500.0,316.5,0.0013689253935660506,0.0,58
houstonchronicle.com,gdelt_doc_socialimage,news_image,2,2,2023-06-24,2023-06-25,0,768.0,512.0,0.0013689253935660506,0.0,59
ibtimes.co.uk,gdelt_doc_socialimage,news_image,2,2,2023-02-06,2023-02-16,0,768.0,512.0,0.0013689253935660506,0.0,60
iranoilgas.com,gdelt_doc_socialimage,news_image,2,2,2023-07-01,2024-04-15,0,375.0,262.5,0.0013689253935660506,0.0,61
marketscreener.com,gdelt_doc_socialimage,news_image,2,2,2023-08-22,2026-01-27,0,609.0,395.5,0.0013689253935660506,0.0,62
money.usnews.com,gdelt_doc_socialimage,news_image,2,2,2023-10-13,2024-04-10,0,768.0,506.5,0.0013689253935660506,0.0,63
nbcchicago.com,gdelt_doc_socialimage,news_image,2,2,2024-11-28,2025-04-04,0,768.0,451.0,0.0013689253935660506,0.0,64
pakobserver.net,gdelt_doc_socialimage,news_image,2,2,2022-05-12,2023-04-15,0,500.0,304.0,0.0013689253935660506,0.0,65
rte.ie,gdelt_doc_socialimage,news_image,2,2,2022-09-23,2024-01-23,0,768.0,431.5,0.0013689253935660506,0.0,66
thestar.com.my,gdelt_doc_socialimage,news_image,2,2,2025-09-14,2025-09-25,0,768.0,496.0,0.0013689253935660506,0.0,67
udn.com,gdelt_doc_socialimage,news_image,2,2,2023-09-10,2025-12-25,0,768.0,542.5,0.0013689253935660506,0.0,68
24.ae,gdelt_doc_socialimage,news_image,1,1,2024-02-01,2024-02-01,0,768.0,439.0,0.0006844626967830253,0.0,69
abc15.com,gdelt_doc_socialimage,news_image,1,1,2022-07-07,2022-07-07,0,768.0,512.0,0.0006844626967830253,0.0,70
albayan.ae,gdelt_doc_socialimage,news_image,1,1,2025-04-16,2025-04-16,0,768.0,419.0,0.0006844626967830253,0.0,71
almontasaf.net,gdelt_doc_socialimage,news_image,1,1,2023-10-27,2023-10-27,0,600.0,315.0,0.0006844626967830253,0.0,72
alwatan.com.sa,gdelt_doc_socialimage,news_image,1,1,2024-01-02,2024-01-02,0,768.0,481.0,0.0006844626967830253,0.0,73
alweeam.com.sa,gdelt_doc_socialimage,news_image,1,1,2024-03-27,2024-03-27,0,605.0,340.0,0.0006844626967830253,0.0,74
ansa.it,gdelt_doc_socialimage,news_image,1,1,2026-04-13,2026-04-13,0,768.0,431.0,0.0006844626967830253,0.0,75
article.wn.com,gdelt_doc_socialimage,news_image,1,1,2022-05-23,2022-05-23,0,468.0,312.0,0.0006844626967830253,0.0,76
beursduivel.be,gdelt_doc_socialimage,news_image,1,1,2024-01-22,2024-01-22,0,768.0,384.0,0.0006844626967830253,0.0,77
bignewsnetwork.com,gdelt_doc_socialimage,news_image,1,1,2025-06-11,2025-06-11,0,600.0,315.0,0.0006844626967830253,0.0,78
bizwatchnigeria.ng,gdelt_doc_socialimage,news_image,1,1,2022-09-19,2022-09-19,0,640.0,347.0,0.0006844626967830253,0.0,79
blikk.hu,gdelt_doc_socialimage,news_image,1,1,2024-12-20,2024-12-20,0,768.0,403.0,0.0006844626967830253,0.0,80
blogs.worldbank.org,gdelt_doc_socialimage,news_image,1,1,2025-11-04,2025-11-04,1,768.0,403.0,0.0006844626967830253,1.0,81
bssnews.net,gdelt_doc_socialimage,news_image,1,1,2025-05-05,2025-05-05,0,750.0,450.0,0.0006844626967830253,0.0,82
bursa.ro,gdelt_doc_socialimage,news_image,1,1,2023-12-11,2023-12-11,0,600.0,399.0,0.0006844626967830253,0.0,83
ceskenoviny.cz,gdelt_doc_socialimage,news_image,1,1,2022-10-05,2022-10-05,0,435.0,290.0,0.0006844626967830253,0.0,84
cleantechnica.com,gdelt_doc_socialimage,news_image,1,1,2024-03-24,2024-03-24,0,768.0,427.0,0.0006844626967830253,0.0,85
cnbcafrica.com,gdelt_doc_socialimage,news_image,1,1,2024-08-06,2024-08-06,0,768.0,432.0,0.0006844626967830253,0.0,86
dailyausaf.com,gdelt_doc_socialimage,news_image,1,1,2025-04-24,2025-04-24,0,700.0,400.0,0.0006844626967830253,0.0,87
dailysabah.com,gdelt_doc_socialimage,news_image,1,1,2025-08-03,2025-08-03,0,768.0,432.0,0.0006844626967830253,0.0,88
dailytrust.com,gdelt_doc_socialimage,news_image,1,1,2024-11-13,2024-11-13,0,768.0,432.0,0.0006844626967830253,0.0,89
delfi.lv,gdelt_doc_socialimage,news_image,1,1,2023-04-04,2023-04-04,0,768.0,614.0,0.0006844626967830253,0.0,90
dnaindia.com,gdelt_doc_socialimage,news_image,1,1,2023-10-10,2023-10-10,0,768.0,432.0,0.0006844626967830253,0.0,91
e15.cz,gdelt_doc_socialimage,news_image,1,1,2025-07-28,2025-07-28,0,768.0,403.0,0.0006844626967830253,0.0,92
edaily.co.kr,gdelt_doc_socialimage,news_image,1,1,2025-03-03,2025-03-03,0,647.0,447.0,0.0006844626967830253,0.0,93
ekbis.sindonews.com,gdelt_doc_socialimage,news_image,1,1,2026-01-29,2026-01-29,0,768.0,511.0,0.0006844626967830253,0.0,94
emirates247.com,gdelt_doc_socialimage,news_image,1,1,2025-02-26,2025-02-26,0,768.0,432.0,0.0006844626967830253,0.0,95
en.trend.az,gdelt_doc_socialimage,news_image,1,1,2024-06-21,2024-06-21,0,587.0,440.0,0.0006844626967830253,0.0,96
energypolicy.columbia.edu,gdelt_doc_socialimage,news_image,1,1,2023-02-01,2023-02-01,0,768.0,431.0,0.0006844626967830253,0.0,97
english.ahram.org.eg,gdelt_doc_socialimage,news_image,1,1,2023-04-02,2023-04-02,0,768.0,511.0,0.0006844626967830253,0.0,98
english.kontan.co.id,gdelt_doc_socialimage,news_image,1,1,2022-07-04,2022-07-04,0,675.0,450.0,0.0006844626967830253,0.0,99
err.ee,gdelt_doc_socialimage,news_image,1,1,2022-06-18,2022-06-18,0,672.0,420.0,0.0006844626967830253,0.0,100
etftrends.com,gdelt_doc_socialimage,news_image,1,1,2022-09-12,2022-09-12,0,768.0,519.0,0.0006844626967830253,0.0,101
fakti.bg,gdelt_doc_socialimage,news_image,1,1,2023-10-18,2023-10-18,0,450.0,235.0,0.0006844626967830253,0.0,102
finance.si,gdelt_doc_socialimage,news_image,1,1,2022-08-24,2022-08-24,0,768.0,433.0,0.0006844626967830253,0.0,103
finance.sina.com.cn,gdelt_doc_socialimage,news_image,1,1,2025-07-15,2025-07-15,0,768.0,438.0,0.0006844626967830253,0.0,104
financialmirror.com,gdelt_doc_socialimage,news_image,1,1,2026-01-19,2026-01-19,0,712.0,294.0,0.0006844626967830253,0.0,105
fnnews.com,gdelt_doc_socialimage,news_image,1,1,2025-05-20,2025-05-20,0,768.0,511.0,0.0006844626967830253,0.0,106
focus-news.net,gdelt_doc_socialimage,news_image,1,1,2025-11-13,2025-11-13,0,620.0,413.0,0.0006844626967830253,0.0,107
freepressjournal.in,gdelt_doc_socialimage,news_image,1,1,2024-08-19,2024-08-19,0,768.0,432.0,0.0006844626967830253,0.0,108
garoweonline.com,gdelt_doc_socialimage,news_image,1,1,2023-05-13,2023-05-13,0,600.0,600.0,0.0006844626967830253,0.0,109
gulf-times.com,gdelt_doc_socialimage,news_image,1,1,2023-12-30,2023-12-30,0,240.0,300.0,0.0006844626967830253,0.0,110
hindi.moneycontrol.com,gdelt_doc_socialimage,news_image,1,1,2025-06-12,2025-06-12,0,768.0,432.0,0.0006844626967830253,0.0,111
huffingtonpost.es,gdelt_doc_socialimage,news_image,1,1,2023-03-05,2023-03-05,0,768.0,432.0,0.0006844626967830253,0.0,112
index.hu,gdelt_doc_socialimage,news_image,1,1,2023-10-14,2023-10-14,0,768.0,403.0,0.0006844626967830253,0.0,113
indiainfoline.com,gdelt_doc_socialimage,news_image,1,1,2024-11-07,2024-11-07,0,768.0,432.0,0.0006844626967830253,0.0,114
indiapost.com,gdelt_doc_socialimage,news_image,1,1,2024-09-25,2024-09-25,0,768.0,432.0,0.0006844626967830253,0.0,115
insidetrade.co,gdelt_doc_socialimage,news_image,1,1,2024-03-01,2024-03-01,0,768.0,384.0,0.0006844626967830253,0.0,116
investingdaily.com,gdelt_doc_socialimage,news_image,1,1,2023-06-16,2023-06-16,0,624.0,420.0,0.0006844626967830253,0.0,117
irozhlas.cz,gdelt_doc_socialimage,news_image,1,1,2024-02-19,2024-02-19,0,768.0,403.0,0.0006844626967830253,0.0,118
journalrecord.com,gdelt_doc_socialimage,news_image,1,1,2026-02-26,2026-02-26,0,768.0,512.0,0.0006844626967830253,0.0,119
kesq.com,gdelt_doc_socialimage,news_image,1,1,2026-01-17,2026-01-17,0,768.0,432.0,0.0006844626967830253,0.0,120
koreaherald.com,gdelt_doc_socialimage,news_image,1,1,2024-04-29,2024-04-29,0,768.0,230.0,0.0006844626967830253,0.0,121
ktvz.com,gdelt_doc_socialimage,news_image,1,1,2025-06-03,2025-06-03,0,640.0,360.0,0.0006844626967830253,0.0,122
lb.ua,gdelt_doc_socialimage,news_image,1,1,2024-02-05,2024-02-05,0,200.0,130.0,0.0006844626967830253,0.0,123
lsm.lv,gdelt_doc_socialimage,news_image,1,1,2026-01-10,2026-01-10,0,768.0,512.0,0.0006844626967830253,0.0,124
metrotvnews.com,gdelt_doc_socialimage,news_image,1,1,2023-09-02,2023-09-02,0,768.0,431.0,0.0006844626967830253,0.0,125
milliyet.com.tr,gdelt_doc_socialimage,news_image,1,1,2025-12-12,2025-12-12,1,730.0,410.0,0.0006844626967830253,1.0,126
milwaukeesun.com,gdelt_doc_socialimage,news_image,1,1,2025-12-29,2025-12-29,1,600.0,315.0,0.0006844626967830253,1.0,127
moberlymonitor.com,gdelt_doc_socialimage,news_image,1,1,2023-04-09,2023-04-09,0,640.0,480.0,0.0006844626967830253,0.0,128
morningstar.com,gdelt_doc_socialimage,news_image,1,1,2025-04-21,2025-04-21,0,768.0,403.0,0.0006844626967830253,0.0,129
mrt.com,gdelt_doc_socialimage,news_image,1,1,2023-05-06,2023-05-06,0,768.0,511.0,0.0006844626967830253,0.0,130
myjoyonline.com,gdelt_doc_socialimage,news_image,1,1,2025-05-15,2025-05-15,0,768.0,862.0,0.0006844626967830253,0.0,131
nairametrics.com,gdelt_doc_socialimage,news_image,1,1,2025-03-01,2025-03-01,0,634.0,325.0,0.0006844626967830253,0.0,132
nasdaq.com,gdelt_doc_socialimage,news_image,1,1,2023-11-10,2023-11-10,0,450.0,300.0,0.0006844626967830253,0.0,133
nbcnewyork.com,gdelt_doc_socialimage,news_image,1,1,2024-04-18,2024-04-18,0,768.0,451.0,0.0006844626967830253,0.0,134
ndtv.com,gdelt_doc_socialimage,news_image,1,1,2022-05-08,2022-05-08,0,650.0,400.0,0.0006844626967830253,0.0,135
neworleanscitybusiness.com,gdelt_doc_socialimage,news_image,1,1,2026-02-17,2026-02-17,0,768.0,512.0,0.0006844626967830253,0.0,136
news.ycwb.com,gdelt_doc_socialimage,news_image,1,1,2025-03-23,2025-03-23,0,300.0,300.0,0.0006844626967830253,0.0,137
news18.com,gdelt_doc_socialimage,news_image,1,1,2024-03-03,2024-03-03,0,320.0,180.0,0.0006844626967830253,0.0,138
palpalindia.com,gdelt_doc_socialimage,news_image,1,1,2023-09-18,2023-09-18,0,768.0,489.0,0.0006844626967830253,0.0,139
pch24.pl,gdelt_doc_socialimage,news_image,1,1,2022-12-15,2022-12-15,0,768.0,438.0,0.0006844626967830253,0.0,140
pna.gov.ph,gdelt_doc_socialimage,news_image,1,1,2022-08-26,2022-08-26,1,720.0,377.0,0.0006844626967830253,1.0,141
quicknews-africa.net,gdelt_doc_socialimage,news_image,1,1,2024-01-07,2024-01-07,0,768.0,576.0,0.0006844626967830253,0.0,142
shippingtribune.com,gdelt_doc_socialimage,news_image,1,1,2023-09-25,2023-09-25,0,200.0,200.0,0.0006844626967830253,0.0,143
stockandland.com.au,gdelt_doc_socialimage,news_image,1,1,2026-02-12,2026-02-12,0,768.0,403.0,0.0006844626967830253,0.0,144
sudouest.fr,gdelt_doc_socialimage,news_image,1,1,2022-10-01,2022-10-01,0,768.0,512.0,0.0006844626967830253,0.0,145
sunnewsonline.com,gdelt_doc_socialimage,news_image,1,1,2023-08-14,2023-08-14,0,512.0,293.0,0.0006844626967830253,0.0,146
thecable.ng,gdelt_doc_socialimage,news_image,1,1,2024-04-11,2024-04-11,0,720.0,470.0,0.0006844626967830253,0.0,147
theeagleonline.com.ng,gdelt_doc_socialimage,news_image,1,1,2023-08-12,2023-08-12,0,768.0,432.0,0.0006844626967830253,0.0,148
theedgemarkets.com,gdelt_doc_socialimage,news_image,1,1,2022-07-02,2022-07-02,0,768.0,512.0,0.0006844626967830253,0.0,149
thehindu.com,gdelt_doc_socialimage,news_image,1,1,2022-10-17,2022-10-17,0,768.0,494.0,0.0006844626967830253,0.0,150
thenationonlineng.net,gdelt_doc_socialimage,news_image,1,1,2025-10-11,2025-10-11,0,600.0,400.0,0.0006844626967830253,0.0,151
tozsdeforum.hu,gdelt_doc_socialimage,news_image,1,1,2023-03-27,2023-03-27,0,768.0,576.0,0.0006844626967830253,0.0,152
trend.az,gdelt_doc_socialimage,news_image,1,1,2025-12-14,2025-12-14,0,768.0,547.0,0.0006844626967830253,0.0,153
trinidadexpress.com,gdelt_doc_socialimage,news_image,1,1,2026-02-10,2026-02-10,0,768.0,403.0,0.0006844626967830253,0.0,154
tunisienumerique.com,gdelt_doc_socialimage,news_image,1,1,2025-10-20,2025-10-20,0,768.0,433.0,0.0006844626967830253,0.0,155
youm7.com,gdelt_doc_socialimage,news_image,1,1,2025-02-23,2025-02-23,0,380.0,200.0,0.0006844626967830253,0.0,156
