target,predictor,lag_days,n,pearson_corr,pearson_p_value,spearman_corr,spearman_p_value,interpretation
target_residual_30d,Brent,0,1431,-0.2284255594371283,2.145188674667996e-18,-0.3032459686781011,8.058562390220197e-32,Brent(t-0) vs target_residual_30d(t)
target_residual_30d,Brent,1,1430,-0.22940954160675509,1.5631871941461068e-18,-0.2997118526581188,4.562512139804036e-31,Brent(t-1) vs target_residual_30d(t)
target_residual_30d,Brent,3,1428,-0.23047548852965877,1.136463007028997e-18,-0.2906935079210172,3.3084013949668014e-29,Brent(t-3) vs target_residual_30d(t)
target_residual_30d,Brent,7,1424,-0.24336783499270515,1.2074317913325496e-20,-0.27990716871794724,4.808295680458391e-27,Brent(t-7) vs target_residual_30d(t)
target_residual_30d,Brent,14,1417,-0.2793171969555477,8.278158720232904e-27,-0.2808241838097314,4.3071677793679485e-27,Brent(t-14) vs target_residual_30d(t)
target_residual_30d,Brent,21,1410,-0.2973719525596978,3.49376077888787e-30,-0.29122518330629527,5.798257871957287e-29,Brent(t-21) vs target_residual_30d(t)
target_residual_30d,Brent,30,1401,-0.33055349529383116,4.530012241002877e-37,-0.3044866455303779,1.9280036308090196e-31,Brent(t-30) vs target_residual_30d(t)
target_residual_30d,Brent,45,1386,-0.365652600784062,4.286061859767478e-45,-0.32469345126120824,2.166283513838281e-35,Brent(t-45) vs target_residual_30d(t)
target_residual_30d,Brent,60,1371,-0.3381621324598387,5.032949588760838e-38,-0.28215110726340686,1.6542144068169972e-26,Brent(t-60) vs target_residual_30d(t)
target_residual_30d,Brent,90,1341,-0.2790226823039562,2.101709313847908e-25,-0.21327315364081936,2.933634973516193e-15,Brent(t-90) vs target_residual_30d(t)
target_residual_30d,WTI,0,1431,-0.2047468870719048,5.21917930642196e-15,-0.2891330415432934,5.894955104824227e-29,WTI(t-0) vs target_residual_30d(t)
target_residual_30d,WTI,1,1430,-0.2084434120249386,1.6779586356465753e-15,-0.2899817809463582,4.187679939587414e-29,WTI(t-1) vs target_residual_30d(t)
target_residual_30d,WTI,3,1428,-0.21345313972571767,3.543200452052267e-16,-0.2842912616613197,5.912064451782977e-28,WTI(t-3) vs target_residual_30d(t)
target_residual_30d,WTI,7,1424,-0.23380020388045655,3.9238293243909857e-19,-0.2755649353357157,3.131135191397167e-26,WTI(t-7) vs target_residual_30d(t)
target_residual_30d,WTI,14,1417,-0.28044234012546565,5.084561407543968e-27,-0.29148154977897184,3.775617134531476e-29,WTI(t-14) vs target_residual_30d(t)
target_residual_30d,WTI,21,1410,-0.315388873773073,6.2036097887733866e-34,-0.3174210865775884,2.254050428788715e-34,WTI(t-21) vs target_residual_30d(t)
target_residual_30d,WTI,30,1401,-0.35793984142163826,1.3249743342972813e-43,-0.3348686038955884,4.6737154783548916e-38,WTI(t-30) vs target_residual_30d(t)
target_residual_30d,WTI,45,1386,-0.40374182023631683,1.765772686587361e-55,-0.35325817167230317,5.275502025364234e-42,WTI(t-45) vs target_residual_30d(t)
target_residual_30d,WTI,60,1371,-0.37038661301722303,7.911557730376684e-46,-0.300609169977022,4.975214986524593e-30,WTI(t-60) vs target_residual_30d(t)
target_residual_30d,WTI,90,1341,-0.3030020043712106,7.13048197293492e-30,-0.22727965977051895,3.5876519284049066e-17,WTI(t-90) vs target_residual_30d(t)
target_residual_30d,USD_Index,0,1431,-0.23217160257174135,5.74360871576319e-19,-0.2680313289475186,5.735692326949592e-25,USD_Index(t-0) vs target_residual_30d(t)
target_residual_30d,USD_Index,1,1430,-0.23815437833076986,6.869983745628141e-20,-0.2670239625197659,9.047912601812403e-25,USD_Index(t-1) vs target_residual_30d(t)
target_residual_30d,USD_Index,3,1428,-0.24815985918977482,1.7526873286449612e-21,-0.26499868573144353,2.2452897363762862e-24,USD_Index(t-3) vs target_residual_30d(t)
target_residual_30d,USD_Index,7,1424,-0.2634393419766704,4.910975080506091e-24,-0.2589981076641175,2.933181399384022e-23,USD_Index(t-7) vs target_residual_30d(t)
target_residual_30d,USD_Index,14,1417,-0.29172689374616956,3.3773585226265415e-29,-0.27400227893058215,8.028757124746998e-26,USD_Index(t-14) vs target_residual_30d(t)
target_residual_30d,USD_Index,21,1410,-0.29036880420602507,8.529089086242388e-29,-0.259210717719658,4.406325320349558e-23,USD_Index(t-21) vs target_residual_30d(t)
target_residual_30d,USD_Index,30,1401,-0.2620490044170988,1.970294449224264e-23,-0.20778408262941103,3.956518637066957e-15,USD_Index(t-30) vs target_residual_30d(t)
target_residual_30d,USD_Index,45,1386,-0.16443721876437417,7.354006291116291e-10,-0.12787495358479933,1.7883117605557955e-06,USD_Index(t-45) vs target_residual_30d(t)
target_residual_30d,USD_Index,60,1371,-0.12145225360046785,6.494510265956546e-06,-0.10759894160491094,6.55105492408389e-05,USD_Index(t-60) vs target_residual_30d(t)
target_residual_30d,USD_Index,90,1341,-0.00236842005993035,0.9309497249237463,0.02393000599199161,0.3812382602998692,USD_Index(t-90) vs target_residual_30d(t)
target_residual_30d,EPU,0,1431,0.13384188658445695,3.7446613002138e-07,0.06748185711908404,0.010667024330839069,EPU(t-0) vs target_residual_30d(t)
target_residual_30d,EPU,1,1430,0.1393590335669156,1.2155679125148706e-07,0.06681011787380448,0.011502124682957965,EPU(t-1) vs target_residual_30d(t)
target_residual_30d,EPU,3,1428,0.15218346932491647,7.49221398134406e-09,0.080915020765897,0.0022131515469774442,EPU(t-3) vs target_residual_30d(t)
target_residual_30d,EPU,7,1424,0.1352216408383688,3.0267635301388087e-07,0.06528966949655078,0.013730721423136926,EPU(t-7) vs target_residual_30d(t)
target_residual_30d,EPU,14,1417,0.09576035756580667,0.0003063976697971564,0.033728737603490766,0.20447906576658834,EPU(t-14) vs target_residual_30d(t)
target_residual_30d,EPU,21,1410,0.11333330905428807,1.9933210868467365e-05,0.043368056201613325,0.10356928434884703,EPU(t-21) vs target_residual_30d(t)
target_residual_30d,EPU,30,1401,0.14119317926290054,1.1160352574514823e-07,0.08381805183260278,0.0016893019051193487,EPU(t-30) vs target_residual_30d(t)
target_residual_30d,EPU,45,1386,0.16422853859118453,7.730963542191768e-10,0.10556828774216774,8.22781837570295e-05,EPU(t-45) vs target_residual_30d(t)
target_residual_30d,EPU,60,1371,0.18782155272432813,2.372830555986391e-12,0.13724329147658015,3.3745196836050187e-07,EPU(t-60) vs target_residual_30d(t)
target_residual_30d,EPU,90,1341,0.14028527144712935,2.49688194211718e-07,0.11136236842147533,4.3704732276090494e-05,EPU(t-90) vs target_residual_30d(t)
target_residual_30d,GPR,0,1431,0.1649917585420272,3.407011039327485e-10,0.035411579134197076,0.18062981378043927,GPR(t-0) vs target_residual_30d(t)
target_residual_30d,GPR,1,1430,0.14554118556923706,3.2328062496356274e-08,0.030051570790933218,0.25609339686868093,GPR(t-1) vs target_residual_30d(t)
target_residual_30d,GPR,3,1428,0.09693808953850419,0.0002438656909296434,0.0004805054391840938,0.9855256791161373,GPR(t-3) vs target_residual_30d(t)
target_residual_30d,GPR,7,1424,0.0806159964017697,0.0023314203805873007,0.023379525750984682,0.37799653205119077,GPR(t-7) vs target_residual_30d(t)
target_residual_30d,GPR,14,1417,0.016125873168928814,0.5441622358269401,0.04268121802573462,0.10828146455445402,GPR(t-14) vs target_residual_30d(t)
target_residual_30d,GPR,21,1410,0.0018147476624587877,0.9457192966143199,0.04863846666607178,0.0678753195468765,GPR(t-21) vs target_residual_30d(t)
target_residual_30d,GPR,30,1401,0.009876435599813702,0.71186434267113,0.019965536331491132,0.4552349443385101,GPR(t-30) vs target_residual_30d(t)
target_residual_30d,GPR,45,1386,0.025620616003528437,0.3405260786141669,-0.020813694588238178,0.43877811041826154,GPR(t-45) vs target_residual_30d(t)
target_residual_30d,GPR,60,1371,0.055282149637359286,0.04069430712063675,0.01197870458003594,0.6576593839374518,GPR(t-60) vs target_residual_30d(t)
target_residual_30d,GPR,90,1341,-0.01169820866681876,0.6686513660687446,0.0034173194034388494,0.9005039453234098,GPR(t-90) vs target_residual_30d(t)
target_residual_30d,UAH_per_USD,0,1431,0.15871501941269744,1.5698793768391639e-09,0.16435102069583196,3.9929294577716225e-10,UAH_per_USD(t-0) vs target_residual_30d(t)
target_residual_30d,UAH_per_USD,1,1430,0.15970550709035564,1.2549874289817828e-09,0.1641987629973168,4.2044461368526143e-10,UAH_per_USD(t-1) vs target_residual_30d(t)
target_residual_30d,UAH_per_USD,3,1428,0.16043065461332862,1.0826879300111723e-09,0.1654685403618701,3.1581729740808484e-10,UAH_per_USD(t-3) vs target_residual_30d(t)
target_residual_30d,UAH_per_USD,7,1424,0.16808356875353195,1.7401560306094926e-10,0.1676214251839323,1.9544527757762184e-10,UAH_per_USD(t-7) vs target_residual_30d(t)
target_residual_30d,UAH_per_USD,14,1417,0.1958104245844003,1.0338872528711656e-13,0.171673255308897,7.771757190257927e-11,UAH_per_USD(t-14) vs target_residual_30d(t)
target_residual_30d,UAH_per_USD,21,1410,0.21333875156348742,5.626175990430454e-16,0.17933111667861137,1.1773539597766095e-11,UAH_per_USD(t-21) vs target_residual_30d(t)
target_residual_30d,UAH_per_USD,30,1401,0.2598471100405054,4.7068880249575477e-23,0.1861194896693435,2.1924714270241876e-12,UAH_per_USD(t-30) vs target_residual_30d(t)
target_residual_30d,UAH_per_USD,45,1386,0.3229726014700396,5.154506883650975e-35,0.20486830250988625,1.3395594083533912e-14,UAH_per_USD(t-45) vs target_residual_30d(t)
target_residual_30d,UAH_per_USD,60,1371,0.28075172718300817,2.985562152835071e-26,0.1763552855775499,4.8471764051975395e-11,UAH_per_USD(t-60) vs target_residual_30d(t)
target_residual_30d,UAH_per_USD,90,1341,0.20720106497695082,1.8040594608993117e-14,0.12488195975665585,4.500100422161944e-06,UAH_per_USD(t-90) vs target_residual_30d(t)
target_residual_30d,RUB_per_USD,0,1431,0.06309833547794885,0.01697668095314586,0.034323354060862024,0.1944073601960787,RUB_per_USD(t-0) vs target_residual_30d(t)
target_residual_30d,RUB_per_USD,1,1430,0.06296027658644028,0.017258922186773634,0.0336437597641802,0.20355167014355713,RUB_per_USD(t-1) vs target_residual_30d(t)
target_residual_30d,RUB_per_USD,3,1428,0.06418914338390333,0.015265670200153994,0.0343567071698166,0.19444274804584694,RUB_per_USD(t-3) vs target_residual_30d(t)
target_residual_30d,RUB_per_USD,7,1424,0.06709506322014147,0.011324431351299348,0.035172871239801284,0.18466563204931355,RUB_per_USD(t-7) vs target_residual_30d(t)
target_residual_30d,RUB_per_USD,14,1417,0.06924959619366071,0.009118022975597004,0.03702176836027029,0.16366204482461658,RUB_per_USD(t-14) vs target_residual_30d(t)
target_residual_30d,RUB_per_USD,21,1410,0.07453365460915143,0.005107893931958461,0.044733031093884115,0.09313750186351477,RUB_per_USD(t-21) vs target_residual_30d(t)
target_residual_30d,RUB_per_USD,30,1401,0.07786312611029098,0.00354279567392512,0.056676869374867885,0.03390302779116136,RUB_per_USD(t-30) vs target_residual_30d(t)
target_residual_30d,RUB_per_USD,45,1386,0.057364546893509054,0.03272364789554891,0.02759410218281526,0.30462298804651333,RUB_per_USD(t-45) vs target_residual_30d(t)
target_residual_30d,RUB_per_USD,60,1371,0.040545213653382595,0.13348079481179762,0.012622568303781272,0.6405225225242154,RUB_per_USD(t-60) vs target_residual_30d(t)
target_residual_30d,RUB_per_USD,90,1341,0.007749516475909717,0.7767749353522052,-0.00448567489947652,0.8696433190465596,RUB_per_USD(t-90) vs target_residual_30d(t)
target_residual_30d,brent_return_1d,0,1430,0.015835505827384994,0.549613821733673,-0.032084295490855674,0.22530966524983886,brent_return_1d(t-0) vs target_residual_30d(t)
target_residual_30d,brent_return_1d,1,1429,-0.003608490034697199,0.8915923182398794,-0.043210152223014796,0.10251771514330775,brent_return_1d(t-1) vs target_residual_30d(t)
target_residual_30d,brent_return_1d,3,1427,0.0037796761864008124,0.8865625573519548,-0.04032668832929845,0.12784593434512298,brent_return_1d(t-3) vs target_residual_30d(t)
target_residual_30d,brent_return_1d,7,1423,0.016291893753542456,0.5391661339623433,-0.027368180219329602,0.3022188260873811,brent_return_1d(t-7) vs target_residual_30d(t)
target_residual_30d,brent_return_1d,14,1416,0.03572238533621173,0.17912080546749118,0.0010801645731040226,0.9676064401547827,brent_return_1d(t-14) vs target_residual_30d(t)
target_residual_30d,brent_return_1d,21,1409,0.013078399834476857,0.6237768905149114,-0.003573778149692899,0.8933796229544289,brent_return_1d(t-21) vs target_residual_30d(t)
target_residual_30d,brent_return_1d,30,1400,-0.0045862432815210845,0.8638706237072704,-0.007542479640952366,0.7779698286731124,brent_return_1d(t-30) vs target_residual_30d(t)
target_residual_30d,brent_return_1d,45,1385,-0.004514190143675975,0.866703323503181,-0.029944866105181205,0.2654253636099644,brent_return_1d(t-45) vs target_residual_30d(t)
target_residual_30d,brent_return_1d,60,1370,-0.02354272051590261,0.3839048606455369,-0.054375523289586544,0.044190353410621226,brent_return_1d(t-60) vs target_residual_30d(t)
target_residual_30d,brent_return_1d,90,1340,-0.013662141474852047,0.6173052866365851,-0.03399512369897588,0.21363799469806163,brent_return_1d(t-90) vs target_residual_30d(t)
target_residual_30d,brent_wti_spread,0,1431,-0.23659927855090512,1.1740320648681744e-19,-0.25811521518808167,3.266041650620291e-23,brent_wti_spread(t-0) vs target_residual_30d(t)
target_residual_30d,brent_wti_spread,1,1430,-0.21917227764303487,5.1616334056715445e-17,-0.23067380612075578,1.002855600727242e-18,brent_wti_spread(t-1) vs target_residual_30d(t)
target_residual_30d,brent_wti_spread,3,1428,-0.1932021472659951,1.784966788512787e-13,-0.20113828004352002,1.6844056814439776e-14,brent_wti_spread(t-3) vs target_residual_30d(t)
target_residual_30d,brent_wti_spread,7,1424,-0.14826944988021373,1.8956104795497353e-08,-0.16335249401325483,5.62708098545396e-10,brent_wti_spread(t-7) vs target_residual_30d(t)
target_residual_30d,brent_wti_spread,14,1417,-0.09122995233878356,0.0005853441887110799,-0.07620275647005341,0.004102804123034769,brent_wti_spread(t-14) vs target_residual_30d(t)
target_residual_30d,brent_wti_spread,21,1410,0.013461544365770612,0.6135201207436127,0.028676828502346798,0.28189137147688037,brent_wti_spread(t-21) vs target_residual_30d(t)
target_residual_30d,brent_wti_spread,30,1401,0.06146587527201889,0.02140374150891784,0.06115655146708428,0.022068580296207778,brent_wti_spread(t-30) vs target_residual_30d(t)
target_residual_30d,brent_wti_spread,45,1386,0.11387986136407316,2.1411258990140395e-05,0.10433587848084022,9.964981153028645e-05,brent_wti_spread(t-45) vs target_residual_30d(t)
target_residual_30d,brent_wti_spread,60,1371,0.077660470879256,0.004011462566781593,0.0888673818836658,0.0009876838309892794,brent_wti_spread(t-60) vs target_residual_30d(t)
target_residual_30d,brent_wti_spread,90,1341,0.03565717888277155,0.1919094268192711,0.057365200623642414,0.03568792491396722,brent_wti_spread(t-90) vs target_residual_30d(t)
target_residual_30d,brent_rolling_vol_7,0,1429,0.1599253483934878,1.206373136481748e-09,0.020048844356547767,0.4488691685544042,brent_rolling_vol_7(t-0) vs target_residual_30d(t)
target_residual_30d,brent_rolling_vol_7,1,1428,0.13645486863624134,2.2646189674324645e-07,0.011108546907988385,0.6749055821064052,brent_rolling_vol_7(t-1) vs target_residual_30d(t)
target_residual_30d,brent_rolling_vol_7,3,1426,0.09634850931721732,0.0002688079275814538,-0.0008166297168835544,0.9754203692851207,brent_rolling_vol_7(t-3) vs target_residual_30d(t)
target_residual_30d,brent_rolling_vol_7,7,1422,0.031638787021151984,0.2331320899728384,-0.02854515928764799,0.2820641978179598,brent_rolling_vol_7(t-7) vs target_residual_30d(t)
target_residual_30d,brent_rolling_vol_7,14,1415,-0.006673796644096808,0.8019488644822604,-0.01846342847351191,0.48769810304679906,brent_rolling_vol_7(t-14) vs target_residual_30d(t)
target_residual_30d,brent_rolling_vol_7,21,1408,0.01274826743889291,0.6326843938487817,-0.00982262345494746,0.7126800944832508,brent_rolling_vol_7(t-21) vs target_residual_30d(t)
target_residual_30d,brent_rolling_vol_7,30,1399,0.01776091283664452,0.5068351783507348,0.010117253726135755,0.7053643516626114,brent_rolling_vol_7(t-30) vs target_residual_30d(t)
target_residual_30d,brent_rolling_vol_7,45,1384,-0.02752895096734921,0.306116508378664,0.009609296230529122,0.7209632544067064,brent_rolling_vol_7(t-45) vs target_residual_30d(t)
target_residual_30d,brent_rolling_vol_7,60,1369,0.01315346185668553,0.6267866902739699,0.10959804302996574,4.830708853215361e-05,brent_rolling_vol_7(t-60) vs target_residual_30d(t)
target_residual_30d,brent_rolling_vol_7,90,1339,-0.06672325373271705,0.014606066617214445,0.01191374823604847,0.6631557514164504,brent_rolling_vol_7(t-90) vs target_residual_30d(t)
target_residual_30d,brent_rolling_vol_30,0,1426,0.1052097365008729,6.875849165709703e-05,-0.02536569824585953,0.3384743674780073,brent_rolling_vol_30(t-0) vs target_residual_30d(t)
target_residual_30d,brent_rolling_vol_30,1,1425,0.09171415073400696,0.0005274722698692593,-0.02705171299134741,0.30750542879255804,brent_rolling_vol_30(t-1) vs target_residual_30d(t)
target_residual_30d,brent_rolling_vol_30,3,1423,0.0677015837736784,0.010631854074129785,-0.03244835567123088,0.22122201813436407,brent_rolling_vol_30(t-3) vs target_residual_30d(t)
target_residual_30d,brent_rolling_vol_30,7,1419,0.030424590547283432,0.2520692560239687,-0.03627730819099648,0.17200251308676523,brent_rolling_vol_30(t-7) vs target_residual_30d(t)
target_residual_30d,brent_rolling_vol_30,14,1412,-0.00019652766207047347,0.9941130226246705,-0.03778303630443416,0.1558970057054558,brent_rolling_vol_30(t-14) vs target_residual_30d(t)
target_residual_30d,brent_rolling_vol_30,21,1405,-0.009351696944922962,0.7261672891085683,-0.02265522018706675,0.396133870817966,brent_rolling_vol_30(t-21) vs target_residual_30d(t)
target_residual_30d,brent_rolling_vol_30,30,1396,-0.01530563624675724,0.5677373645670932,0.023422267689425798,0.38186552224186854,brent_rolling_vol_30(t-30) vs target_residual_30d(t)
target_residual_30d,brent_rolling_vol_30,45,1381,-0.03387135936159287,0.20841269216620767,0.07656805892411822,0.004413181755736359,brent_rolling_vol_30(t-45) vs target_residual_30d(t)
target_residual_30d,brent_rolling_vol_30,60,1366,-0.0448967407820276,0.09718118178695484,0.1014297547248086,0.00017331209244287113,brent_rolling_vol_30(t-60) vs target_residual_30d(t)
target_residual_30d,brent_rolling_vol_30,90,1336,-0.12442067984092518,5.0857518124205745e-06,-0.04452042069995886,0.10382971404999732,brent_rolling_vol_30(t-90) vs target_residual_30d(t)
target_residual_30d,text_count,0,1431,0.029707402298642382,0.2614145231572514,0.013819046615144178,0.6014456217680748,text_count(t-0) vs target_residual_30d(t)
target_residual_30d,text_count,1,1430,0.0294470470058132,0.26578675017209374,0.01785249794804189,0.4999542785602332,text_count(t-1) vs target_residual_30d(t)
target_residual_30d,text_count,3,1428,0.029354639468188167,0.2676258066979001,0.010557848326931525,0.6901650637891521,text_count(t-3) vs target_residual_30d(t)
target_residual_30d,text_count,7,1424,0.01826916771384359,0.4909138832384598,-0.000692696917550656,0.9791643311712775,text_count(t-7) vs target_residual_30d(t)
target_residual_30d,text_count,14,1417,0.006258239416487058,0.813918704920668,-0.019199102656241186,0.4702073365261191,text_count(t-14) vs target_residual_30d(t)
target_residual_30d,text_count,21,1410,-0.022368509743776036,0.40130273659083465,-0.013122829977224703,0.6224747638228185,text_count(t-21) vs target_residual_30d(t)
target_residual_30d,text_count,30,1401,-0.022282417231246607,0.40462569107153096,0.025130251170556655,0.34725218356386534,text_count(t-30) vs target_residual_30d(t)
target_residual_30d,text_count,45,1386,-0.12570153601164274,2.6771354215135957e-06,-0.07629587450127982,0.004483133729563626,text_count(t-45) vs target_residual_30d(t)
target_residual_30d,text_count,60,1371,-0.17222233903310694,1.3709791359974606e-10,-0.131961958285109,9.430831058192252e-07,text_count(t-60) vs target_residual_30d(t)
target_residual_30d,text_count,90,1341,0.0423563675725393,0.12106343839388699,0.03503497983193999,0.19978425098067687,text_count(t-90) vs target_residual_30d(t)
target_residual_30d,text_covered,0,1431,,,,,text_covered(t-0) vs target_residual_30d(t)
target_residual_30d,text_covered,1,1430,,,,,text_covered(t-1) vs target_residual_30d(t)
target_residual_30d,text_covered,3,1428,,,,,text_covered(t-3) vs target_residual_30d(t)
target_residual_30d,text_covered,7,1424,,,,,text_covered(t-7) vs target_residual_30d(t)
target_residual_30d,text_covered,14,1417,,,,,text_covered(t-14) vs target_residual_30d(t)
target_residual_30d,text_covered,21,1410,,,,,text_covered(t-21) vs target_residual_30d(t)
target_residual_30d,text_covered,30,1401,,,,,text_covered(t-30) vs target_residual_30d(t)
target_residual_30d,text_covered,45,1386,,,,,text_covered(t-45) vs target_residual_30d(t)
target_residual_30d,text_covered,60,1371,,,,,text_covered(t-60) vs target_residual_30d(t)
target_residual_30d,text_covered,90,1341,,,,,text_covered(t-90) vs target_residual_30d(t)
target_residual_30d,image_count,0,1431,,,,,image_count(t-0) vs target_residual_30d(t)
target_residual_30d,image_count,1,1430,,,,,image_count(t-1) vs target_residual_30d(t)
target_residual_30d,image_count,3,1428,,,,,image_count(t-3) vs target_residual_30d(t)
target_residual_30d,image_count,7,1424,,,,,image_count(t-7) vs target_residual_30d(t)
target_residual_30d,image_count,14,1417,,,,,image_count(t-14) vs target_residual_30d(t)
target_residual_30d,image_count,21,1410,,,,,image_count(t-21) vs target_residual_30d(t)
target_residual_30d,image_count,30,1401,,,,,image_count(t-30) vs target_residual_30d(t)
target_residual_30d,image_count,45,1386,,,,,image_count(t-45) vs target_residual_30d(t)
target_residual_30d,image_count,60,1371,,,,,image_count(t-60) vs target_residual_30d(t)
target_residual_30d,image_count,90,1341,,,,,image_count(t-90) vs target_residual_30d(t)
target_residual_30d,image_covered,0,1431,,,,,image_covered(t-0) vs target_residual_30d(t)
target_residual_30d,image_covered,1,1430,,,,,image_covered(t-1) vs target_residual_30d(t)
target_residual_30d,image_covered,3,1428,,,,,image_covered(t-3) vs target_residual_30d(t)
target_residual_30d,image_covered,7,1424,,,,,image_covered(t-7) vs target_residual_30d(t)
target_residual_30d,image_covered,14,1417,,,,,image_covered(t-14) vs target_residual_30d(t)
target_residual_30d,image_covered,21,1410,,,,,image_covered(t-21) vs target_residual_30d(t)
target_residual_30d,image_covered,30,1401,,,,,image_covered(t-30) vs target_residual_30d(t)
target_residual_30d,image_covered,45,1386,,,,,image_covered(t-45) vs target_residual_30d(t)
target_residual_30d,image_covered,60,1371,,,,,image_covered(t-60) vs target_residual_30d(t)
target_residual_30d,image_covered,90,1341,,,,,image_covered(t-90) vs target_residual_30d(t)
brent_return_1d,Brent,0,1460,0.07439688398228012,0.004452192231926147,0.08561210279534529,0.001058696659980151,Brent(t-0) vs brent_return_1d(t)
brent_return_1d,Brent,1,1460,-0.04663461936695947,0.07485540812663453,-0.018575970666416194,0.4781754914904327,Brent(t-1) vs brent_return_1d(t)
brent_return_1d,Brent,3,1458,-0.038325469109559085,0.14355140394850283,-0.016616517564449394,0.5260933462828679,Brent(t-3) vs brent_return_1d(t)
brent_return_1d,Brent,7,1454,-0.030704718591879777,0.24196822821761158,-0.01211342585425358,0.6444248700683968,Brent(t-7) vs brent_return_1d(t)
brent_return_1d,Brent,14,1447,-0.0356136911079729,0.17574145267910668,-0.008929725569781867,0.7343121159467022,Brent(t-14) vs brent_return_1d(t)
brent_return_1d,Brent,21,1440,-0.04788008074103024,0.06931129291281062,-0.0064921546752202885,0.8055672007510362,Brent(t-21) vs brent_return_1d(t)
brent_return_1d,Brent,30,1431,-0.05928177745726758,0.024925393247281706,-0.031075475017588255,0.24007596332566658,Brent(t-30) vs brent_return_1d(t)
brent_return_1d,Brent,45,1416,-0.06962580426770212,0.008770554327044312,-0.03509716240631652,0.18685550386725852,Brent(t-45) vs brent_return_1d(t)
brent_return_1d,Brent,60,1401,-0.07351309315650244,0.00590772317045806,-0.03139737189230629,0.24021797214247748,Brent(t-60) vs brent_return_1d(t)
brent_return_1d,Brent,90,1371,-0.06389545724381618,0.017975701607849816,-0.026071261308375254,0.3347329303592729,Brent(t-90) vs brent_return_1d(t)
brent_return_1d,WTI,0,1460,0.06817571601416103,0.009166225516924628,0.08235193966220379,0.0016365171514850208,WTI(t-0) vs brent_return_1d(t)
brent_return_1d,WTI,1,1460,-0.03435785050706246,0.1894949759450276,-0.007668671552571675,0.7696957731152362,WTI(t-1) vs brent_return_1d(t)
brent_return_1d,WTI,3,1458,-0.03528835237989406,0.17807495372120252,-0.014212047576116433,0.5876590723343248,WTI(t-3) vs brent_return_1d(t)
brent_return_1d,WTI,7,1454,-0.03535758800623195,0.17782104796988418,-0.014116839160958277,0.5906750801714868,WTI(t-7) vs brent_return_1d(t)
brent_return_1d,WTI,14,1447,-0.036532060647377615,0.16485638286316692,-0.005809576826009214,0.825245043591364,WTI(t-14) vs brent_return_1d(t)
brent_return_1d,WTI,21,1440,-0.04466428269932039,0.09021512321615237,-0.00711376162620122,0.7873777790545246,WTI(t-21) vs brent_return_1d(t)
brent_return_1d,WTI,30,1431,-0.06570871417982264,0.012912224197824188,-0.03470148554108169,0.189535236292188,WTI(t-30) vs brent_return_1d(t)
brent_return_1d,WTI,45,1416,-0.07539700892098783,0.004529656034542433,-0.040520589773851014,0.12749371086766487,WTI(t-45) vs brent_return_1d(t)
brent_return_1d,WTI,60,1401,-0.08358846920440637,0.0017397526132750846,-0.03761023756509412,0.1594303583691182,WTI(t-60) vs brent_return_1d(t)
brent_return_1d,WTI,90,1371,-0.0679005576092043,0.01191119040412842,-0.025322291045186587,0.34880798518981826,WTI(t-90) vs brent_return_1d(t)
brent_return_1d,USD_Index,0,1460,-0.04193315024583057,0.10924507807536933,-0.04185424014411832,0.10991417936537627,USD_Index(t-0) vs brent_return_1d(t)
brent_return_1d,USD_Index,1,1460,-0.03655025324914298,0.1627586352243591,-0.03785801972686412,0.14822426487607898,USD_Index(t-1) vs brent_return_1d(t)
brent_return_1d,USD_Index,3,1458,-0.04323967412321016,0.09885922350869664,-0.0366442858072975,0.16196703915154548,USD_Index(t-3) vs brent_return_1d(t)
brent_return_1d,USD_Index,7,1454,-0.04668702371367554,0.07512855602296813,-0.037716842013052275,0.15058484939916225,USD_Index(t-7) vs brent_return_1d(t)
brent_return_1d,USD_Index,14,1447,-0.04779679439815239,0.0691204692622934,-0.02794095011116064,0.2881688176186403,USD_Index(t-14) vs brent_return_1d(t)
brent_return_1d,USD_Index,21,1440,-0.05817967784961732,0.02726404284712404,-0.04537174457381046,0.08522762638682187,USD_Index(t-21) vs brent_return_1d(t)
brent_return_1d,USD_Index,30,1431,-0.05757193754674686,0.029423403594454514,-0.052762051548786396,0.04598201773881365,USD_Index(t-30) vs brent_return_1d(t)
brent_return_1d,USD_Index,45,1416,-0.05205267709015932,0.050191492292760036,-0.054824390124530775,0.039135527386285826,USD_Index(t-45) vs brent_return_1d(t)
brent_return_1d,USD_Index,60,1401,-0.03756760542244493,0.1599041499962768,-0.03620067525101213,0.17566513791554428,USD_Index(t-60) vs brent_return_1d(t)
brent_return_1d,USD_Index,90,1371,-0.015110577511393249,0.5761472565508114,-0.030445993869142703,0.2599297307697705,USD_Index(t-90) vs brent_return_1d(t)
brent_return_1d,EPU,0,1460,0.023361698295797702,0.37238949316464337,-0.011440854992701015,0.6622605138651259,EPU(t-0) vs brent_return_1d(t)
brent_return_1d,EPU,1,1460,0.011844603460849023,0.6511177855222527,-0.01227209484690894,0.6394041206245791,EPU(t-1) vs brent_return_1d(t)
brent_return_1d,EPU,3,1458,0.009455413302750933,0.7182925517899517,-0.0245814795918422,0.34827002185020506,EPU(t-3) vs brent_return_1d(t)
brent_return_1d,EPU,7,1454,0.05197934598018568,0.047515314895235056,0.0023327995288755887,0.9291801250916276,EPU(t-7) vs brent_return_1d(t)
brent_return_1d,EPU,14,1447,0.041634196366931886,0.11340783438976149,0.014584513043181395,0.579348276573086,EPU(t-14) vs brent_return_1d(t)
brent_return_1d,EPU,21,1440,0.016724017969695394,0.525999188970384,-0.00239747491577084,0.9275729228905857,EPU(t-21) vs brent_return_1d(t)
brent_return_1d,EPU,30,1431,0.04600655030807224,0.08190082566980082,0.0030545226410116006,0.9080904385355592,EPU(t-30) vs brent_return_1d(t)
brent_return_1d,EPU,45,1416,-0.0005806464702107876,0.9825833223175025,-0.03111400878873163,0.24197583306269088,EPU(t-45) vs brent_return_1d(t)
brent_return_1d,EPU,60,1401,0.032878090439371364,0.21874997772133456,0.04820260372236796,0.07128488277512492,EPU(t-60) vs brent_return_1d(t)
brent_return_1d,EPU,90,1371,0.030833130971506563,0.2539162089524635,0.03272176888403551,0.225968766740249,EPU(t-90) vs brent_return_1d(t)
brent_return_1d,GPR,0,1460,0.06953014363724483,0.007867953856183203,0.03064743294425841,0.2418767732985507,GPR(t-0) vs brent_return_1d(t)
brent_return_1d,GPR,1,1460,0.08168798209847186,0.001785064106707987,0.02873822919863146,0.27247866550255706,GPR(t-1) vs brent_return_1d(t)
brent_return_1d,GPR,3,1458,0.10172255430024159,9.986679303215022e-05,0.025371390707824206,0.3329943371869034,GPR(t-3) vs brent_return_1d(t)
brent_return_1d,GPR,7,1454,0.06400266885301778,0.01465021606875879,0.032801270102368565,0.21129317960967545,GPR(t-7) vs brent_return_1d(t)
brent_return_1d,GPR,14,1447,0.019967384508820345,0.4478719089665398,-0.0067327421400541826,0.7980346957185773,GPR(t-14) vs brent_return_1d(t)
brent_return_1d,GPR,21,1440,-0.003536121597382296,0.8933470074170301,0.036662429038947904,0.16437689552782558,GPR(t-21) vs brent_return_1d(t)
brent_return_1d,GPR,30,1431,0.010327434483291941,0.6962844127456895,0.03671268901880727,0.16512410784621206,GPR(t-30) vs brent_return_1d(t)
brent_return_1d,GPR,45,1416,0.017227213629759215,0.5171584632918167,0.00423928619380152,0.873366955085084,GPR(t-45) vs brent_return_1d(t)
brent_return_1d,GPR,60,1401,0.03162891689150934,0.23676651407847674,0.039852296843722795,0.13597995160612086,GPR(t-60) vs brent_return_1d(t)
brent_return_1d,GPR,90,1371,0.04382841473198406,0.10477450538585827,0.027115831388746087,0.31572238970663247,GPR(t-90) vs brent_return_1d(t)
brent_return_1d,UAH_per_USD,0,1460,0.029906081586605335,0.25345964707024304,-0.0012260465335341168,0.9626669980151636,UAH_per_USD(t-0) vs brent_return_1d(t)
brent_return_1d,UAH_per_USD,1,1460,0.030700029147241403,0.24106938059315977,-0.005058663911510753,0.8468595406860262,UAH_per_USD(t-1) vs brent_return_1d(t)
brent_return_1d,UAH_per_USD,3,1458,0.02939784367176533,0.26194745298478855,-0.0040918655597535995,0.8759467217914356,UAH_per_USD(t-3) vs brent_return_1d(t)
brent_return_1d,UAH_per_USD,7,1454,0.028592747094642185,0.27590472907084507,0.002389546445221142,0.9274620768076605,UAH_per_USD(t-7) vs brent_return_1d(t)
brent_return_1d,UAH_per_USD,14,1447,0.03618445433518301,0.1689151996066743,0.0023517425733065203,0.9287784753805095,UAH_per_USD(t-14) vs brent_return_1d(t)
brent_return_1d,UAH_per_USD,21,1440,0.037112029548554734,0.1592600910990178,0.005037449168308422,0.8485311044247849,UAH_per_USD(t-21) vs brent_return_1d(t)
brent_return_1d,UAH_per_USD,30,1431,0.04267492911185053,0.10660216162838311,0.0027626879571478365,0.9168381294762468,UAH_per_USD(t-30) vs brent_return_1d(t)
brent_return_1d,UAH_per_USD,45,1416,0.055295358189392484,0.037479128965506134,0.008539877730715295,0.74815299473572,UAH_per_USD(t-45) vs brent_return_1d(t)
brent_return_1d,UAH_per_USD,60,1401,0.05626688066040299,0.035217017404760256,0.008929192602357068,0.7384343191502838,UAH_per_USD(t-60) vs brent_return_1d(t)
brent_return_1d,UAH_per_USD,90,1371,0.04435073553551501,0.10069671954871337,-0.0006682773810843601,0.9802769056837031,UAH_per_USD(t-90) vs brent_return_1d(t)
brent_return_1d,RUB_per_USD,0,1460,0.009634905954467136,0.7129907092687485,-0.007784566582469495,0.7663156466837667,RUB_per_USD(t-0) vs brent_return_1d(t)
brent_return_1d,RUB_per_USD,1,1460,0.007456523315559561,0.7758944601908648,-0.011550250203081622,0.6592338863317447,RUB_per_USD(t-1) vs brent_return_1d(t)
brent_return_1d,RUB_per_USD,3,1458,0.005484190426584726,0.8342694632478914,-0.012116867108059995,0.6438749681805411,RUB_per_USD(t-3) vs brent_return_1d(t)
brent_return_1d,RUB_per_USD,7,1454,0.009049937910864189,0.7302472588202289,-0.012763465868900231,0.6267619612545172,RUB_per_USD(t-7) vs brent_return_1d(t)
brent_return_1d,RUB_per_USD,14,1447,0.006509550347558729,0.8045922018091874,-0.013032348418099415,0.6203629483259286,RUB_per_USD(t-14) vs brent_return_1d(t)
brent_return_1d,RUB_per_USD,21,1440,0.006642054271189756,0.8011708163357495,-0.013177935773805556,0.6173180673871019,RUB_per_USD(t-21) vs brent_return_1d(t)
brent_return_1d,RUB_per_USD,30,1431,0.008007252177747573,0.7621619566848883,-0.012474154710488938,0.637294213517348,RUB_per_USD(t-30) vs brent_return_1d(t)
brent_return_1d,RUB_per_USD,45,1416,0.010688130888171637,0.6877957055901361,-0.0060080470284494016,0.8212917664971988,RUB_per_USD(t-45) vs brent_return_1d(t)
brent_return_1d,RUB_per_USD,60,1401,0.00403195441602644,0.8801479245806657,-0.015860353852977117,0.5530744618459235,RUB_per_USD(t-60) vs brent_return_1d(t)
brent_return_1d,RUB_per_USD,90,1371,0.000316738033252658,0.9906512667954556,-0.01791891049315631,0.5073742030085013,RUB_per_USD(t-90) vs brent_return_1d(t)
brent_return_1d,brent_return_1d,0,1460,0.9999999999999994,0.0,0.9999999999999999,0.0,brent_return_1d(t-0) vs brent_return_1d(t)
brent_return_1d,brent_return_1d,1,1459,0.011534734067934016,0.6597722542339833,0.00681112580882388,0.7949072478181104,brent_return_1d(t-1) vs brent_return_1d(t)
brent_return_1d,brent_return_1d,3,1457,0.020884023538701106,0.42570670089779616,0.027845688254313966,0.2881529443688494,brent_return_1d(t-3) vs brent_return_1d(t)
brent_return_1d,brent_return_1d,7,1453,0.009102579412015104,0.7288295989862926,-0.015993509968314428,0.5424192611713867,brent_return_1d(t-7) vs brent_return_1d(t)
brent_return_1d,brent_return_1d,14,1446,-0.03668647087804017,0.16322282980930775,-0.07076031178338534,0.007106734368793148,brent_return_1d(t-14) vs brent_return_1d(t)
brent_return_1d,brent_return_1d,21,1439,-0.02010853226009676,0.44593209156935293,-0.01215361133167888,0.6450473461817468,brent_return_1d(t-21) vs brent_return_1d(t)
brent_return_1d,brent_return_1d,30,1430,0.012959881138178708,0.6243643768488547,-0.0058639505568581956,0.8246600982919982,brent_return_1d(t-30) vs brent_return_1d(t)
brent_return_1d,brent_return_1d,45,1415,0.0057667814975556515,0.8284139759940534,-0.007799431979781655,0.7694209532867904,brent_return_1d(t-45) vs brent_return_1d(t)
brent_return_1d,brent_return_1d,60,1400,0.02116718289502248,0.4287195427340586,0.016344279133879865,0.5411721116642747,brent_return_1d(t-60) vs brent_return_1d(t)
brent_return_1d,brent_return_1d,90,1370,-0.05547955254760062,0.04005317825131175,-0.02922428059616449,0.2797252546674295,brent_return_1d(t-90) vs brent_return_1d(t)
brent_return_1d,brent_wti_spread,0,1460,0.06295423484967469,0.016136909595910836,0.05268313270659478,0.04414690518115704,brent_wti_spread(t-0) vs brent_return_1d(t)
brent_return_1d,brent_wti_spread,1,1460,-0.07837235231220537,0.0027296520748850903,-0.07485154442746947,0.004214567801914443,brent_wti_spread(t-1) vs brent_return_1d(t)
brent_return_1d,brent_wti_spread,3,1458,-0.031830872089309424,0.22448513873188092,-0.039418698409492685,0.13246601668663432,brent_wti_spread(t-3) vs brent_return_1d(t)
brent_return_1d,brent_wti_spread,7,1454,0.009661453944920264,0.712801616413037,-0.007865448290634685,0.7644312722806071,brent_wti_spread(t-7) vs brent_return_1d(t)
brent_return_1d,brent_wti_spread,14,1447,-0.00979050692136741,0.7098090171666478,-0.01739172757034811,0.5085802030880902,brent_wti_spread(t-14) vs brent_return_1d(t)
brent_return_1d,brent_wti_spread,21,1440,-0.03680003068357961,0.1627979139312042,0.0023098647626834234,0.9302127215885273,brent_wti_spread(t-21) vs brent_return_1d(t)
brent_return_1d,brent_wti_spread,30,1431,0.02135011070074984,0.4196491021922346,0.018100386261594888,0.49386829146812605,brent_wti_spread(t-30) vs brent_return_1d(t)
brent_return_1d,brent_wti_spread,45,1416,0.013546049023974329,0.6105363590631259,0.016925737084194446,0.5245191313219832,brent_wti_spread(t-45) vs brent_return_1d(t)
brent_return_1d,brent_wti_spread,60,1401,0.04003025959737597,0.13423906090085394,0.040672020065495904,0.12810386389648942,brent_wti_spread(t-60) vs brent_return_1d(t)
brent_return_1d,brent_wti_spread,90,1371,0.0008171899750228622,0.9758832137330086,0.0003940022180143222,0.9883709086119763,brent_wti_spread(t-90) vs brent_return_1d(t)
brent_return_1d,brent_rolling_vol_7,0,1459,0.05248133591898023,0.04503950676429763,0.011003647864026241,0.6745166801217848,brent_rolling_vol_7(t-0) vs brent_return_1d(t)
brent_return_1d,brent_rolling_vol_7,1,1458,0.08228610311908595,0.0016629562009647747,0.041401601352545316,0.11406319718866079,brent_rolling_vol_7(t-1) vs brent_return_1d(t)
brent_return_1d,brent_rolling_vol_7,3,1456,0.0660393810395005,0.011719166961801695,0.03910981108120828,0.1357976764331113,brent_rolling_vol_7(t-3) vs brent_return_1d(t)
brent_return_1d,brent_rolling_vol_7,7,1452,0.04894855947456492,0.062223177431123516,0.039104253182331926,0.13639298108141173,brent_rolling_vol_7(t-7) vs brent_return_1d(t)
brent_return_1d,brent_rolling_vol_7,14,1445,-0.005324933020987226,0.8397261565856349,-0.0022748452913473978,0.931148983082425,brent_rolling_vol_7(t-14) vs brent_return_1d(t)
brent_return_1d,brent_rolling_vol_7,21,1438,0.010015346781373365,0.704338198365049,0.019641662625973784,0.45672222591080114,brent_rolling_vol_7(t-21) vs brent_return_1d(t)
brent_return_1d,brent_rolling_vol_7,30,1429,0.008039816373967957,0.7613861562516627,0.013010192584813857,0.6231412802235382,brent_rolling_vol_7(t-30) vs brent_return_1d(t)
brent_return_1d,brent_rolling_vol_7,45,1414,-0.02718807345648174,0.30694988475465623,-0.03489882165742611,0.1896733623880809,brent_rolling_vol_7(t-45) vs brent_return_1d(t)
brent_return_1d,brent_rolling_vol_7,60,1399,0.0360975796831119,0.1772090969192613,0.0615174915773792,0.021387425545354038,brent_rolling_vol_7(t-60) vs brent_return_1d(t)
brent_return_1d,brent_rolling_vol_7,90,1369,0.033775894952252375,0.21169327759572537,0.03954599277482805,0.14362143491806534,brent_rolling_vol_7(t-90) vs brent_return_1d(t)
brent_return_1d,brent_rolling_vol_30,0,1456,0.04459284169641288,0.08895441785102798,0.021894793050293068,0.4038108450901857,brent_rolling_vol_30(t-0) vs brent_return_1d(t)
brent_return_1d,brent_rolling_vol_30,1,1455,0.04802259971338775,0.06705898610068155,0.024505158454937673,0.35026623989669425,brent_rolling_vol_30(t-1) vs brent_return_1d(t)
brent_return_1d,brent_rolling_vol_30,3,1453,0.04254305160056655,0.10501670101754144,0.028959612255695048,0.26995304608435683,brent_rolling_vol_30(t-3) vs brent_return_1d(t)
brent_return_1d,brent_rolling_vol_30,7,1449,0.028745238640943457,0.2741786245120899,0.02470693106607149,0.34731028653986507,brent_rolling_vol_30(t-7) vs brent_return_1d(t)
brent_return_1d,brent_rolling_vol_30,14,1442,0.012124279091562436,0.6455010886789135,0.016666243285719282,0.5271427834562308,brent_rolling_vol_30(t-14) vs brent_return_1d(t)
brent_return_1d,brent_rolling_vol_30,21,1435,0.013423874755130887,0.6113868310873023,0.0152381790904528,0.5640921875746017,brent_rolling_vol_30(t-21) vs brent_return_1d(t)
brent_return_1d,brent_rolling_vol_30,30,1426,0.004946268107017844,0.8519582901297962,0.012787252167573199,0.6294694062709678,brent_rolling_vol_30(t-30) vs brent_return_1d(t)
brent_return_1d,brent_rolling_vol_30,45,1411,-0.001686707351800966,0.949525900793206,0.014149280340760849,0.5953848791595622,brent_rolling_vol_30(t-45) vs brent_return_1d(t)
brent_return_1d,brent_rolling_vol_30,60,1396,0.0057676411622489526,0.8295290563467542,0.045811557751059995,0.08707629321777967,brent_rolling_vol_30(t-60) vs brent_return_1d(t)
brent_return_1d,brent_rolling_vol_30,90,1366,-0.023377724062089718,0.3879425752769551,0.012058030277862035,0.6561273801576011,brent_rolling_vol_30(t-90) vs brent_return_1d(t)
brent_return_1d,text_count,0,1460,-0.016915459237966075,0.5183885473812336,-0.02032508591825029,0.4377280686289555,text_count(t-0) vs brent_return_1d(t)
brent_return_1d,text_count,1,1460,0.003725485045560365,0.8868990045305709,-0.0166197898475605,0.525727695640674,text_count(t-1) vs brent_return_1d(t)
brent_return_1d,text_count,3,1458,-0.010095612047066153,0.7001131869969457,-0.027243784806599624,0.29853923534394916,text_count(t-3) vs brent_return_1d(t)
brent_return_1d,text_count,7,1454,0.017295938141865752,0.5098960342753673,0.003084984420015771,0.9064371117764186,text_count(t-7) vs brent_return_1d(t)
brent_return_1d,text_count,14,1447,0.0037268927013042515,0.8873588913565444,0.02718067938581532,0.30149368455515013,text_count(t-14) vs brent_return_1d(t)
brent_return_1d,text_count,21,1440,-0.003918903478633877,0.8818824042111374,-0.017217024758783114,0.5138715699090103,text_count(t-21) vs brent_return_1d(t)
brent_return_1d,text_count,30,1431,-0.036847555358565376,0.16357594553991356,-0.028706826006043396,0.2778275108169504,text_count(t-30) vs brent_return_1d(t)
brent_return_1d,text_count,45,1416,0.01843129566898842,0.4883020985037335,0.00835638066713181,0.753386978631097,text_count(t-45) vs brent_return_1d(t)
brent_return_1d,text_count,60,1401,-0.009148439028774276,0.7322553275025999,0.008897085139123845,0.7393406287918625,text_count(t-60) vs brent_return_1d(t)
brent_return_1d,text_count,90,1371,0.0011241593371977086,0.9668284839379244,-0.032078762964129565,0.2352264443294333,text_count(t-90) vs brent_return_1d(t)
brent_return_1d,text_covered,0,1460,,,,,text_covered(t-0) vs brent_return_1d(t)
brent_return_1d,text_covered,1,1460,,,,,text_covered(t-1) vs brent_return_1d(t)
brent_return_1d,text_covered,3,1458,,,,,text_covered(t-3) vs brent_return_1d(t)
brent_return_1d,text_covered,7,1454,,,,,text_covered(t-7) vs brent_return_1d(t)
brent_return_1d,text_covered,14,1447,,,,,text_covered(t-14) vs brent_return_1d(t)
brent_return_1d,text_covered,21,1440,,,,,text_covered(t-21) vs brent_return_1d(t)
brent_return_1d,text_covered,30,1431,,,,,text_covered(t-30) vs brent_return_1d(t)
brent_return_1d,text_covered,45,1416,,,,,text_covered(t-45) vs brent_return_1d(t)
brent_return_1d,text_covered,60,1401,,,,,text_covered(t-60) vs brent_return_1d(t)
brent_return_1d,text_covered,90,1371,,,,,text_covered(t-90) vs brent_return_1d(t)
brent_return_1d,image_count,0,1460,,,,,image_count(t-0) vs brent_return_1d(t)
brent_return_1d,image_count,1,1460,,,,,image_count(t-1) vs brent_return_1d(t)
brent_return_1d,image_count,3,1458,,,,,image_count(t-3) vs brent_return_1d(t)
brent_return_1d,image_count,7,1454,,,,,image_count(t-7) vs brent_return_1d(t)
brent_return_1d,image_count,14,1447,,,,,image_count(t-14) vs brent_return_1d(t)
brent_return_1d,image_count,21,1440,,,,,image_count(t-21) vs brent_return_1d(t)
brent_return_1d,image_count,30,1431,,,,,image_count(t-30) vs brent_return_1d(t)
brent_return_1d,image_count,45,1416,,,,,image_count(t-45) vs brent_return_1d(t)
brent_return_1d,image_count,60,1401,,,,,image_count(t-60) vs brent_return_1d(t)
brent_return_1d,image_count,90,1371,,,,,image_count(t-90) vs brent_return_1d(t)
brent_return_1d,image_covered,0,1460,,,,,image_covered(t-0) vs brent_return_1d(t)
brent_return_1d,image_covered,1,1460,,,,,image_covered(t-1) vs brent_return_1d(t)
brent_return_1d,image_covered,3,1458,,,,,image_covered(t-3) vs brent_return_1d(t)
brent_return_1d,image_covered,7,1454,,,,,image_covered(t-7) vs brent_return_1d(t)
brent_return_1d,image_covered,14,1447,,,,,image_covered(t-14) vs brent_return_1d(t)
brent_return_1d,image_covered,21,1440,,,,,image_covered(t-21) vs brent_return_1d(t)
brent_return_1d,image_covered,30,1431,,,,,image_covered(t-30) vs brent_return_1d(t)
brent_return_1d,image_covered,45,1416,,,,,image_covered(t-45) vs brent_return_1d(t)
brent_return_1d,image_covered,60,1401,,,,,image_covered(t-60) vs brent_return_1d(t)
brent_return_1d,image_covered,90,1371,,,,,image_covered(t-90) vs brent_return_1d(t)
