source_country,document_count,source_count,active_days,share_of_documents
United States,1703,279,945,0.19238590149118842
India,1344,122,810,0.1518300948938093
China,593,56,460,0.06699051061906913
Russia,557,79,407,0.06292363307727067
Unknown,440,75,349,0.04970628106642567
Nigeria,374,43,294,0.042250338906461814
Turkey,227,48,182,0.025643922277451422
Saudi Arabia,197,12,181,0.02225485765928604
Indonesia,190,60,157,0.021464075915047447
United Kingdom,171,36,157,0.019317668323542703
Qatar,159,5,135,0.017962042476276547
Bulgaria,156,21,128,0.01762313601446001
Pakistan,153,22,135,0.01728422955264347
Ukraine,150,39,129,0.01694532309082693
Germany,148,31,118,0.016719385449615907
Canada,148,26,122,0.016719385449615907
France,137,34,104,0.015476728422955265
Mexico,100,31,90,0.011296882060551287
Greece,97,30,74,0.01095797559873475
Azerbaijan,91,17,83,0.010280162675101671
United Arab Emirates,91,9,85,0.010280162675101671
Poland,64,24,58,0.0072300045187528245
Singapore,62,4,60,0.0070040668775417985
Venezuela,61,26,53,0.0068910980569362856
Slovak Republic,61,7,56,0.0068910980569362856
Malaysia,57,10,53,0.006439222774514234
Romania,52,20,42,0.00587437867148667
Spain,49,31,42,0.005535472209670131
South Africa,48,21,45,0.005422503389064619
Czech Republic,46,13,43,0.005196565747853593
Hungary,42,13,39,0.004744690465431541
Ghana,40,7,34,0.004518752824220515
Argentina,40,20,37,0.004518752824220515
Egypt,40,12,38,0.004518752824220515
Armenia,39,7,32,0.004405784003615003
Australia,38,14,33,0.00429281518300949
Taiwan,37,10,31,0.004179846362403977
Finland,34,12,24,0.0038409399005874378
Philippines,33,10,32,0.003727971079981925
Syria,32,5,30,0.0036150022593764122
Israel,31,17,30,0.0035020334387708993
Colombia,31,11,30,0.0035020334387708993
Serbia,30,10,29,0.0033890646181653863
Jordan,30,6,29,0.0033890646181653863
Cyprus,29,8,28,0.0032760957975598733
Kazakhstan,29,9,28,0.0032760957975598733
Iran,28,7,28,0.0031631269769543608
Kuwait,28,8,25,0.0031631269769543608
Brazil,24,15,23,0.0027112516945323093
Bangladesh,24,10,22,0.0027112516945323093
Lebanon,23,6,23,0.0025982828739267963
Bolivia,23,4,21,0.0025982828739267963
US,19,2,19,0.002146407591504745
Iraq,19,6,18,0.002146407591504745
Italy,18,8,12,0.002033438770899232
Croatia,17,10,15,0.0019204699502937189
Peru,16,7,15,0.0018075011296882061
Libya,15,2,13,0.0016945323090826931
Ecuador,15,5,14,0.0016945323090826931
Bahrain,14,1,14,0.0015815634884771804
Chile,13,4,12,0.0014685946678716674
Belarus,12,5,11,0.0013556258472661546
Latvia,11,7,10,0.0012426570266606417
Sri Lanka,11,6,8,0.0012426570266606417
Ireland,11,5,11,0.0012426570266606417
Macedonia,11,3,9,0.0012426570266606417
Belgium,10,7,10,0.0011296882060551287
Vietnam,10,9,10,0.0011296882060551287
Guyana,10,2,10,0.0011296882060551287
South Korea,10,8,9,0.0011296882060551287
Switzerland,9,4,9,0.001016719385449616
Thailand,9,6,9,0.001016719385449616
Oman,8,4,8,0.0009037505648441031
Uruguay,7,3,6,0.0007907817442385902
Lithuania,7,5,7,0.0007907817442385902
Algeria,6,5,6,0.0006778129236330773
Mali,6,3,6,0.0006778129236330773
Estonia,6,3,6,0.0006778129236330773
Japan,5,4,5,0.0005648441030275643
Yemen,5,3,4,0.0005648441030275643
Nepal,5,4,5,0.0005648441030275643
Netherlands,5,4,5,0.0005648441030275643
Portugal,4,4,4,0.00045187528242205153
Burkina Faso,4,3,3,0.00045187528242205153
Albania,4,3,4,0.00045187528242205153
Fiji,4,1,4,0.00045187528242205153
Turkmenistan,4,2,3,0.00045187528242205153
Kyrgyzstan,4,3,3,0.00045187528242205153
Kenya,4,3,4,0.00045187528242205153
Tunisia,4,4,4,0.00045187528242205153
Senegal,3,2,3,0.00033890646181653866
Trinidad and Tobago,3,2,3,0.00033890646181653866
Afghanistan,3,1,3,0.00033890646181653866
Pitcairn Islands,3,1,3,0.00033890646181653866
Bosnia-Herzegovina,3,1,3,0.00033890646181653866
Cuba,3,1,3,0.00033890646181653866
Cambodia,3,1,3,0.00033890646181653866
Zimbabwe,2,2,2,0.00022593764121102577
Brunei,2,1,2,0.00022593764121102577
Honduras,2,2,2,0.00022593764121102577
Hong Kong,2,2,2,0.00022593764121102577
Sweden,2,2,2,0.00022593764121102577
Dominican Republic,2,2,2,0.00022593764121102577
Morocco,2,2,2,0.00022593764121102577
New Zealand,2,2,2,0.00022593764121102577
Somalia,2,1,2,0.00022593764121102577
Slovenia,2,2,2,0.00022593764121102577
Niger,2,2,2,0.00022593764121102577
Uzbekistan,2,2,2,0.00022593764121102577
Zambia,2,1,2,0.00022593764121102577
Guatemala,2,2,2,0.00022593764121102577
Cameroon,1,1,1,0.00011296882060551288
Costa Rica,1,1,1,0.00011296882060551288
Democratic Republic of the Congo,1,1,1,0.00011296882060551288
Austria,1,1,1,0.00011296882060551288
Uganda,1,1,1,0.00011296882060551288
Angola,1,1,1,0.00011296882060551288
Reunion,1,1,1,0.00011296882060551288
Jamaica,1,1,1,0.00011296882060551288
Malta,1,1,1,0.00011296882060551288
Mauritius,1,1,1,0.00011296882060551288
Moldova,1,1,1,0.00011296882060551288
Suriname,1,1,1,0.00011296882060551288
Montenegro,1,1,1,0.00011296882060551288
Myanmar,1,1,1,0.00011296882060551288
North Korea,1,1,1,0.00011296882060551288
Sierra Leone,1,1,1,0.00011296882060551288
Panama,1,1,1,0.00011296882060551288
Papua New Guinea,1,1,1,0.00011296882060551288
Paraguay,1,1,1,0.00011296882060551288
Luxembourg,1,1,1,0.00011296882060551288
