selection_context,p,d,q,mse,rmse,mae,mape,direction_acc,selected,history_rows,forecast_origin,label_availability_rule,fold
fixed_valid,3,1,2,7.625828742980957,2.761490311947691,2.3608338832855225,0.03692163527011871,0.6666666666666666,True,1192,2025-11-18,target_end_strictly_before_forecast_origin,
fixed_valid,0,1,0,7.808398246765137,2.7943511316162715,2.380776882171631,0.037253282964229584,0.6666666666666666,False,1192,2025-11-18,target_end_strictly_before_forecast_origin,
fixed_valid,1,1,2,7.813345432281494,2.7952362033076015,2.3814244270324707,0.037263862788677216,0.6666666666666666,False,1192,2025-11-18,target_end_strictly_before_forecast_origin,
fixed_valid,2,1,1,7.818270683288574,2.7961170725290767,2.382075548171997,0.037274546921253204,0.6666666666666666,False,1192,2025-11-18,target_end_strictly_before_forecast_origin,
fixed_valid,1,1,0,7.818699359893799,2.7961937271751753,2.3821306228637695,0.037275444716215134,0.6666666666666666,False,1192,2025-11-18,target_end_strictly_before_forecast_origin,
fixed_valid,2,1,0,7.818911075592041,2.7962315847568924,2.382157325744629,0.03727589175105095,0.6666666666666666,False,1192,2025-11-18,target_end_strictly_before_forecast_origin,
fixed_valid,0,1,1,7.819502830505371,2.7963373956848216,2.382235527038574,0.037277162075042725,0.6666666666666666,False,1192,2025-11-18,target_end_strictly_before_forecast_origin,
fixed_valid,0,1,2,7.821166038513184,2.7966347703111296,2.3824517726898193,0.03728071600198746,0.6666666666666666,False,1192,2025-11-18,target_end_strictly_before_forecast_origin,
fixed_valid,1,1,3,7.82645320892334,2.7975798842791497,2.3831427097320557,0.03729201480746269,0.6666666666666666,False,1192,2025-11-18,target_end_strictly_before_forecast_origin,
fixed_valid,1,1,1,7.850533485412598,2.8018803481613195,2.3862555027008057,0.03734296187758446,0.6666666666666666,False,1192,2025-11-18,target_end_strictly_before_forecast_origin,
fixed_valid,2,1,2,7.851830959320068,2.8021118748758176,2.3864450454711914,0.037346143275499344,0.6666666666666666,False,1192,2025-11-18,target_end_strictly_before_forecast_origin,
fixed_valid,3,1,1,7.859341144561768,2.803451648336701,2.3874170780181885,0.03736202046275139,0.6666666666666666,False,1192,2025-11-18,target_end_strictly_before_forecast_origin,
fixed_valid,2,1,3,7.865943431854248,2.8046289294404434,2.3882319927215576,0.03737527132034302,0.6666666666666666,False,1192,2025-11-18,target_end_strictly_before_forecast_origin,
fixed_valid,3,1,0,7.879903316497803,2.8071165484350313,2.3900935649871826,0.03740590438246727,0.6666666666666666,False,1192,2025-11-18,target_end_strictly_before_forecast_origin,
fixed_valid,0,1,3,7.890753269195557,2.809048463304889,2.3914847373962402,0.03742865473031998,0.6666666666666666,False,1192,2025-11-18,target_end_strictly_before_forecast_origin,
fixed_valid,0,0,0,9.503323554992676,3.0827461061515713,2.421349048614502,0.036695994436740875,0.3333333333333333,False,1192,2025-11-18,target_end_strictly_before_forecast_origin,
fixed_valid,0,0,1,9.613041877746582,3.1004905866244106,2.450852870941162,0.03716548532247543,0.31666666666666665,False,1192,2025-11-18,target_end_strictly_before_forecast_origin,
fixed_valid,3,0,2,9.67722225189209,3.110823404163613,2.6816492080688477,0.040983669459819794,0.08333333333333333,False,1192,2025-11-18,target_end_strictly_before_forecast_origin,
fixed_valid,0,0,3,9.678376197814941,3.1110088713815878,2.4859120845794678,0.037725429981946945,0.3,False,1192,2025-11-18,target_end_strictly_before_forecast_origin,
fixed_valid,0,0,2,9.68661880493164,3.1123333376956333,2.4732437133789062,0.03751720115542412,0.3,False,1192,2025-11-18,target_end_strictly_before_forecast_origin,
fixed_valid,3,0,3,10.081598281860352,3.1751532690344813,2.7255122661590576,0.041610535234212875,0.11666666666666667,False,1192,2025-11-18,target_end_strictly_before_forecast_origin,
fixed_valid,2,0,3,10.096506118774414,3.1774999793508125,2.7278380393981934,0.04164610803127289,0.11666666666666667,False,1192,2025-11-18,target_end_strictly_before_forecast_origin,
fixed_valid,1,0,3,10.10554313659668,3.178921694002021,2.73240065574646,0.04172087833285332,0.1,False,1192,2025-11-18,target_end_strictly_before_forecast_origin,
fixed_valid,2,0,2,10.160505294799805,3.187554751655225,2.7346065044403076,0.04174434393644333,0.15,False,1192,2025-11-18,target_end_strictly_before_forecast_origin,
fixed_valid,1,0,0,10.214327812194824,3.1959862033799245,2.7738089561462402,0.04240663722157478,0.11666666666666667,False,1192,2025-11-18,target_end_strictly_before_forecast_origin,
fixed_valid,3,0,0,10.241650581359863,3.200257892945483,2.754781484603882,0.0420629121363163,0.1,False,1192,2025-11-18,target_end_strictly_before_forecast_origin,
fixed_valid,1,0,2,10.257497787475586,3.2027328623342264,2.7623159885406494,0.04218731448054314,0.08333333333333333,False,1192,2025-11-18,target_end_strictly_before_forecast_origin,
fixed_valid,1,0,1,10.258727073669434,3.2029247686558975,2.7677001953125,0.042280297726392746,0.05,False,1192,2025-11-18,target_end_strictly_before_forecast_origin,
fixed_valid,2,0,0,10.261628150939941,3.203377616039037,2.765310049057007,0.04223785921931267,0.06666666666666667,False,1192,2025-11-18,target_end_strictly_before_forecast_origin,
fixed_valid,2,0,1,10.264473915100098,3.203821767061972,2.748398780822754,0.041952334344387054,0.16666666666666666,False,1192,2025-11-18,target_end_strictly_before_forecast_origin,
fixed_valid,3,1,3,10.29927921295166,3.2092490107424916,2.781080484390259,0.042501285672187805,0.08333333333333333,False,1192,2025-11-18,target_end_strictly_before_forecast_origin,
fixed_valid,3,0,1,10.364503860473633,3.219394952545219,2.775514841079712,0.04238193854689598,0.08333333333333333,False,1192,2025-11-18,target_end_strictly_before_forecast_origin,
fold_1,0,0,0,2.308087110519409,1.5192389905868693,1.2848985195159912,0.017449818551540375,0.8333333333333334,True,892,2025-01-22,target_end_strictly_before_forecast_origin,1.0
fold_1,0,0,1,2.618464708328247,1.6181670829454686,1.3244760036468506,0.017968952655792236,0.8166666666666667,False,892,2025-01-22,target_end_strictly_before_forecast_origin,1.0
fold_1,0,0,2,2.7849364280700684,1.6688128798850004,1.3450465202331543,0.01823793537914753,0.8166666666666667,False,892,2025-01-22,target_end_strictly_before_forecast_origin,1.0
fold_1,0,0,3,3.0373566150665283,1.742801369940513,1.3860678672790527,0.018778260797262192,0.7833333333333333,False,892,2025-01-22,target_end_strictly_before_forecast_origin,1.0
fold_1,3,0,2,6.671347141265869,2.5828951084521163,1.874466061592102,0.02519669383764267,0.6,False,892,2025-01-22,target_end_strictly_before_forecast_origin,1.0
fold_1,2,0,1,7.461349010467529,2.7315469994981836,2.112900733947754,0.02844124473631382,0.48333333333333334,False,892,2025-01-22,target_end_strictly_before_forecast_origin,1.0
fold_1,2,0,2,7.56060266494751,2.7496550083505946,2.141542673110962,0.028831519186496735,0.45,False,892,2025-01-22,target_end_strictly_before_forecast_origin,1.0
fold_1,3,0,3,7.618677616119385,2.7601952134078096,2.159057140350342,0.029070550575852394,0.43333333333333335,False,892,2025-01-22,target_end_strictly_before_forecast_origin,1.0
fold_1,2,0,3,7.6759562492370605,2.7705516146134257,2.169114589691162,0.029205240309238434,0.43333333333333335,False,892,2025-01-22,target_end_strictly_before_forecast_origin,1.0
fold_1,1,0,3,7.711768627166748,2.7770071348786174,2.1764447689056396,0.029303954914212227,0.4166666666666667,False,892,2025-01-22,target_end_strictly_before_forecast_origin,1.0
fold_1,3,0,0,7.952457904815674,2.8200102667926004,2.221041679382324,0.02990027703344822,0.4,False,892,2025-01-22,target_end_strictly_before_forecast_origin,1.0
fold_1,3,0,1,8.14867115020752,2.8545877373462387,2.2551462650299072,0.03035757690668106,0.38333333333333336,False,892,2025-01-22,target_end_strictly_before_forecast_origin,1.0
fold_1,1,0,2,8.156815528869629,2.8560139230874957,2.2588696479797363,0.03040989488363266,0.36666666666666664,False,892,2025-01-22,target_end_strictly_before_forecast_origin,1.0
fold_1,2,0,0,8.196371078491211,2.862930505354821,2.266031503677368,0.030506320297718048,0.36666666666666664,False,892,2025-01-22,target_end_strictly_before_forecast_origin,1.0
fold_1,1,1,2,8.258265495300293,2.8737198011114953,2.277498722076416,0.030661052092909813,0.36666666666666664,False,892,2025-01-22,target_end_strictly_before_forecast_origin,1.0
fold_1,1,0,1,8.306587219238281,2.8821150600276666,2.286071300506592,0.030776670202612877,0.35,False,892,2025-01-22,target_end_strictly_before_forecast_origin,1.0
fold_1,2,1,2,8.670791625976562,2.9446207949371956,2.351916551589966,0.03166649118065834,0.31666666666666665,False,892,2025-01-22,target_end_strictly_before_forecast_origin,1.0
fold_1,3,1,3,8.939214706420898,2.989851953930311,2.383606433868408,0.032087165862321854,0.3,False,892,2025-01-22,target_end_strictly_before_forecast_origin,1.0
fold_1,1,0,0,9.115033149719238,3.0191113178747218,2.4251785278320312,0.03265449404716492,0.26666666666666666,False,892,2025-01-22,target_end_strictly_before_forecast_origin,1.0
fold_1,1,1,1,37.852542877197266,6.152442025504772,6.009068489074707,0.08179762214422226,0.16666666666666666,False,892,2025-01-22,target_end_strictly_before_forecast_origin,1.0
fold_1,3,1,2,37.87419509887695,6.154201418452028,6.010731220245361,0.08181997388601303,0.16666666666666666,False,892,2025-01-22,target_end_strictly_before_forecast_origin,1.0
fold_1,0,1,0,37.886070251464844,6.15516614328686,6.011848449707031,0.08183549344539642,0.16666666666666666,False,892,2025-01-22,target_end_strictly_before_forecast_origin,1.0
fold_1,0,1,2,37.94356918334961,6.1598351587805995,6.016606330871582,0.08190032094717026,0.16666666666666666,False,892,2025-01-22,target_end_strictly_before_forecast_origin,1.0
fold_1,2,1,0,37.95919418334961,6.16110332516422,6.017909526824951,0.08191807568073273,0.16666666666666666,False,892,2025-01-22,target_end_strictly_before_forecast_origin,1.0
fold_1,2,1,1,37.98735427856445,6.1633882141695775,6.020272254943848,0.081950344145298,0.16666666666666666,False,892,2025-01-22,target_end_strictly_before_forecast_origin,1.0
fold_1,0,1,1,38.02784729003906,6.166672302793384,6.023628234863281,0.08199608325958252,0.16666666666666666,False,892,2025-01-22,target_end_strictly_before_forecast_origin,1.0
fold_1,1,1,3,38.02956771850586,6.166811795288215,6.023778915405273,0.08199814707040787,0.16666666666666666,False,892,2025-01-22,target_end_strictly_before_forecast_origin,1.0
fold_1,1,1,0,38.03879165649414,6.16755961920873,6.024540424346924,0.08200850337743759,0.16666666666666666,False,892,2025-01-22,target_end_strictly_before_forecast_origin,1.0
fold_1,3,1,1,38.14364242553711,6.176053952608989,6.033273220062256,0.08212762326002121,0.16666666666666666,False,892,2025-01-22,target_end_strictly_before_forecast_origin,1.0
fold_1,3,1,0,38.34022521972656,6.191948418690725,6.049587726593018,0.08235009759664536,0.16666666666666666,False,892,2025-01-22,target_end_strictly_before_forecast_origin,1.0
fold_1,0,1,3,38.380714416503906,6.1952170596762715,6.0529327392578125,0.08239571005105972,0.16666666666666666,False,892,2025-01-22,target_end_strictly_before_forecast_origin,1.0
fold_1,2,1,3,38.80500411987305,6.229366269523172,6.087460517883301,0.08286580443382263,0.16666666666666666,False,892,2025-01-22,target_end_strictly_before_forecast_origin,1.0
fold_2,1,0,0,9.224711418151855,3.037221002520537,2.4745595455169678,0.03729022294282913,0.6,True,952,2025-03-23,target_end_strictly_before_forecast_origin,2.0
fold_2,3,1,3,9.267162322998047,3.044201426154,2.4756860733032227,0.03730650618672371,0.6,False,952,2025-03-23,target_end_strictly_before_forecast_origin,2.0
fold_2,2,1,2,9.275713920593262,3.0456056738509765,2.4738683700561523,0.037278275936841965,0.6,False,952,2025-03-23,target_end_strictly_before_forecast_origin,2.0
fold_2,1,0,1,9.363968849182129,3.060060268880685,2.4855692386627197,0.037453893572092056,0.6,False,952,2025-03-23,target_end_strictly_before_forecast_origin,2.0
fold_2,1,1,2,9.377120018005371,3.062208356399899,2.487706422805786,0.037485964596271515,0.6,False,952,2025-03-23,target_end_strictly_before_forecast_origin,2.0
fold_2,2,0,0,9.408576011657715,3.0673402177876707,2.492168664932251,0.037552397698163986,0.6,False,952,2025-03-23,target_end_strictly_before_forecast_origin,2.0
fold_2,3,0,1,9.408834457397461,3.067382346137739,2.4922327995300293,0.037553898990154266,0.6,False,952,2025-03-23,target_end_strictly_before_forecast_origin,2.0
fold_2,1,0,2,9.413729667663574,3.068180188265281,2.4935343265533447,0.03757419437170029,0.6,False,952,2025-03-23,target_end_strictly_before_forecast_origin,2.0
fold_2,3,0,0,9.498934745788574,3.0820341895878727,2.5075504779815674,0.03778434172272682,0.6,False,952,2025-03-23,target_end_strictly_before_forecast_origin,2.0
fold_2,3,0,2,9.532102584838867,3.087410336323772,2.5208306312561035,0.03798072040081024,0.6,False,952,2025-03-23,target_end_strictly_before_forecast_origin,2.0
fold_2,1,0,3,9.607921600341797,3.099664756121506,2.535731792449951,0.03821384906768799,0.6,False,952,2025-03-23,target_end_strictly_before_forecast_origin,2.0
fold_2,2,0,3,9.638250350952148,3.104553164458961,2.54123592376709,0.03829706087708473,0.6,False,952,2025-03-23,target_end_strictly_before_forecast_origin,2.0
fold_2,3,0,3,9.656195640563965,3.107441977022896,2.5449066162109375,0.03835287317633629,0.6,False,952,2025-03-23,target_end_strictly_before_forecast_origin,2.0
fold_2,2,0,2,9.668913841247559,3.1094877136350867,2.5489604473114014,0.0384165458381176,0.6,False,952,2025-03-23,target_end_strictly_before_forecast_origin,2.0
fold_2,2,0,1,9.690476417541504,3.112953005996317,2.5546700954437256,0.0385056808590889,0.6,False,952,2025-03-23,target_end_strictly_before_forecast_origin,2.0
fold_2,0,0,3,12.749462127685547,3.5706388962881066,2.9482297897338867,0.04426924139261246,0.6,False,952,2025-03-23,target_end_strictly_before_forecast_origin,2.0
fold_2,0,0,2,12.867924690246582,3.58718896773596,2.9741744995117188,0.044637978076934814,0.6,False,952,2025-03-23,target_end_strictly_before_forecast_origin,2.0
fold_2,0,0,1,12.91667366027832,3.593977415104096,2.972252368927002,0.04461155831813812,0.6,False,952,2025-03-23,target_end_strictly_before_forecast_origin,2.0
fold_2,0,0,0,12.957110404968262,3.5995986449836685,2.9982240200042725,0.04498005658388138,0.6,False,952,2025-03-23,target_end_strictly_before_forecast_origin,2.0
fold_2,3,1,2,19.940507888793945,4.465479581052179,3.664874792098999,0.05529523268342018,0.6,False,952,2025-03-23,target_end_strictly_before_forecast_origin,2.0
fold_2,0,1,0,20.141448974609375,4.4879225678045485,3.682039499282837,0.055558133870363235,0.6,False,952,2025-03-23,target_end_strictly_before_forecast_origin,2.0
fold_2,1,1,1,20.225738525390625,4.497303472681227,3.6896891593933105,0.05567457899451256,0.6,False,952,2025-03-23,target_end_strictly_before_forecast_origin,2.0
fold_2,0,1,2,20.297677993774414,4.505294440297372,3.696094512939453,0.055772241204977036,0.6,False,952,2025-03-23,target_end_strictly_before_forecast_origin,2.0
fold_2,2,1,3,20.308427810668945,4.506487302841199,3.6966912746429443,0.05578164383769035,0.6,False,952,2025-03-23,target_end_strictly_before_forecast_origin,2.0
fold_2,2,1,0,20.313709259033203,4.507073247577989,3.6974968910217285,0.055793650448322296,0.6,False,952,2025-03-23,target_end_strictly_before_forecast_origin,2.0
fold_2,0,1,1,20.340368270874023,4.510029741683975,3.699885845184326,0.05583016201853752,0.6,False,952,2025-03-23,target_end_strictly_before_forecast_origin,2.0
fold_2,1,1,0,20.346240997314453,4.510680768721552,3.7004220485687256,0.055838365107774734,0.6,False,952,2025-03-23,target_end_strictly_before_forecast_origin,2.0
fold_2,2,1,1,20.347219467163086,4.510789228855976,3.7005457878112793,0.055840201675891876,0.6,False,952,2025-03-23,target_end_strictly_before_forecast_origin,2.0
fold_2,1,1,3,20.398557662963867,4.516476244038472,3.7053117752075195,0.05591297522187233,0.6,False,952,2025-03-23,target_end_strictly_before_forecast_origin,2.0
fold_2,3,1,1,20.46419334411621,4.523736657246553,3.7113356590270996,0.05600503832101822,0.6,False,952,2025-03-23,target_end_strictly_before_forecast_origin,2.0
fold_2,3,1,0,20.52045440673828,4.52995081725379,3.7163591384887695,0.05608196556568146,0.6,False,952,2025-03-23,target_end_strictly_before_forecast_origin,2.0
fold_2,0,1,3,20.580984115600586,4.536626953541649,3.7219767570495605,0.056167684495449066,0.6,False,952,2025-03-23,target_end_strictly_before_forecast_origin,2.0
fold_3,0,0,0,19.979448318481445,4.469837616567457,3.69061017036438,0.05170923471450806,0.4166666666666667,True,1012,2025-05-22,target_end_strictly_before_forecast_origin,3.0
fold_3,0,0,1,20.386280059814453,4.515116837891845,3.720913887023926,0.052142754197120667,0.4166666666666667,False,1012,2025-05-22,target_end_strictly_before_forecast_origin,3.0
fold_3,0,0,2,20.6049747467041,4.539270287910172,3.7371766567230225,0.05237409844994545,0.4166666666666667,False,1012,2025-05-22,target_end_strictly_before_forecast_origin,3.0
fold_3,0,0,3,21.150230407714844,4.598937965195317,3.774880886077881,0.052911125123500824,0.4166666666666667,False,1012,2025-05-22,target_end_strictly_before_forecast_origin,3.0
fold_3,2,0,1,27.68211555480957,5.261379624662107,4.2098188400268555,0.05901245400309563,0.4166666666666667,False,1012,2025-05-22,target_end_strictly_before_forecast_origin,3.0
fold_3,2,0,2,27.689319610595703,5.262064196738359,4.211941719055176,0.05904155597090721,0.4166666666666667,False,1012,2025-05-22,target_end_strictly_before_forecast_origin,3.0
fold_3,3,0,3,27.692943572998047,5.262408533456714,4.214029312133789,0.05906982347369194,0.4166666666666667,False,1012,2025-05-22,target_end_strictly_before_forecast_origin,3.0
fold_3,2,0,3,27.758586883544922,5.268641844303418,4.218660354614258,0.0591338649392128,0.4166666666666667,False,1012,2025-05-22,target_end_strictly_before_forecast_origin,3.0
fold_3,1,0,3,27.84468650817871,5.276806468706116,4.224495887756348,0.059215083718299866,0.4166666666666667,False,1012,2025-05-22,target_end_strictly_before_forecast_origin,3.0
fold_3,3,0,2,28.03642463684082,5.294943308180062,4.2406487464904785,0.05943954363465309,0.4166666666666667,False,1012,2025-05-22,target_end_strictly_before_forecast_origin,3.0
fold_3,3,0,0,28.48261833190918,5.336910935354756,4.267474174499512,0.05981117859482765,0.4166666666666667,False,1012,2025-05-22,target_end_strictly_before_forecast_origin,3.0
fold_3,1,0,2,28.726192474365234,5.359682124376896,4.283457279205322,0.060033638030290604,0.4166666666666667,False,1012,2025-05-22,target_end_strictly_before_forecast_origin,3.0
fold_3,3,0,1,28.771217346191406,5.363880810214877,4.286401271820068,0.060074660927057266,0.4166666666666667,False,1012,2025-05-22,target_end_strictly_before_forecast_origin,3.0
fold_3,2,0,0,28.78877830505371,5.365517524438226,4.287571907043457,0.06009084731340408,0.4166666666666667,False,1012,2025-05-22,target_end_strictly_before_forecast_origin,3.0
fold_3,1,1,2,28.82707405090332,5.369085029211525,4.2901835441589355,0.0601276233792305,0.4166666666666667,False,1012,2025-05-22,target_end_strictly_before_forecast_origin,3.0
fold_3,1,0,1,28.90591049194336,5.376421718200997,4.295171737670898,0.060196615755558014,0.4166666666666667,False,1012,2025-05-22,target_end_strictly_before_forecast_origin,3.0
fold_3,2,1,2,29.209505081176758,5.404581859975548,4.3148603439331055,0.06047125160694122,0.4166666666666667,False,1012,2025-05-22,target_end_strictly_before_forecast_origin,3.0
fold_3,3,1,3,29.54970932006836,5.435964433296851,4.335214138031006,0.0607546903192997,0.4166666666666667,False,1012,2025-05-22,target_end_strictly_before_forecast_origin,3.0
fold_3,1,0,0,29.67947006225586,5.447886751966845,4.344161033630371,0.06087835878133774,0.4166666666666667,False,1012,2025-05-22,target_end_strictly_before_forecast_origin,3.0
fold_3,3,1,2,46.22073745727539,6.798583489027357,5.945335865020752,0.08344732969999313,0.4166666666666667,False,1012,2025-05-22,target_end_strictly_before_forecast_origin,3.0
fold_3,0,1,0,46.49237823486328,6.818531970656387,5.96527099609375,0.08372812718153,0.4166666666666667,False,1012,2025-05-22,target_end_strictly_before_forecast_origin,3.0
fold_3,0,1,2,46.52916717529297,6.821229154286855,5.96801233291626,0.08376672863960266,0.4166666666666667,False,1012,2025-05-22,target_end_strictly_before_forecast_origin,3.0
fold_3,1,1,1,46.532142639160156,6.821447254004106,5.968234062194824,0.08376984298229218,0.4166666666666667,False,1012,2025-05-22,target_end_strictly_before_forecast_origin,3.0
fold_3,2,1,0,46.5356559753418,6.821704770461838,5.9684977531433105,0.08377356827259064,0.4166666666666667,False,1012,2025-05-22,target_end_strictly_before_forecast_origin,3.0
fold_3,0,1,1,46.55316162109375,6.8229877342036716,5.969811916351318,0.0837920755147934,0.4166666666666667,False,1012,2025-05-22,target_end_strictly_before_forecast_origin,3.0
fold_3,1,1,0,46.55704116821289,6.823272028009208,5.970103740692139,0.0837961807847023,0.4166666666666667,False,1012,2025-05-22,target_end_strictly_before_forecast_origin,3.0
fold_3,2,1,1,46.56007766723633,6.823494534857951,5.970327854156494,0.0837993323802948,0.4166666666666667,False,1012,2025-05-22,target_end_strictly_before_forecast_origin,3.0
fold_3,1,1,3,46.569942474365234,6.824217352514883,5.971068382263184,0.0838097408413887,0.4166666666666667,False,1012,2025-05-22,target_end_strictly_before_forecast_origin,3.0
fold_3,3,1,0,46.59804153442383,6.82627581734168,5.973208427429199,0.08383987098932266,0.4166666666666667,False,1012,2025-05-22,target_end_strictly_before_forecast_origin,3.0
fold_3,3,1,1,46.60447311401367,6.826746891017248,5.973663330078125,0.08384626358747482,0.4166666666666667,False,1012,2025-05-22,target_end_strictly_before_forecast_origin,3.0
fold_3,0,1,3,46.606056213378906,6.826862838330569,5.973804950714111,0.0838482528924942,0.4166666666666667,False,1012,2025-05-22,target_end_strictly_before_forecast_origin,3.0
fold_3,2,1,3,46.92144775390625,6.849923193285181,5.997269630432129,0.08417866379022598,0.4166666666666667,False,1012,2025-05-22,target_end_strictly_before_forecast_origin,3.0
fold_4,0,0,2,2.850388765335083,1.6883094400420449,1.1709654331207275,0.017269695177674294,0.6,True,1072,2025-07-21,target_end_strictly_before_forecast_origin,4.0
fold_4,0,0,1,2.870060682296753,1.6941253443286755,1.1758755445480347,0.017340458929538727,0.6,False,1072,2025-07-21,target_end_strictly_before_forecast_origin,4.0
fold_4,0,0,0,2.917740821838379,1.7081395791440401,1.1879100799560547,0.017515193670988083,0.6,False,1072,2025-07-21,target_end_strictly_before_forecast_origin,4.0
fold_4,0,0,3,2.923828125,1.7099205025380566,1.2036558389663696,0.017743635922670364,0.6,False,1072,2025-07-21,target_end_strictly_before_forecast_origin,4.0
fold_4,3,0,3,4.3618059158325195,2.0884936954256097,1.5286294221878052,0.02246963605284691,0.6,False,1072,2025-07-21,target_end_strictly_before_forecast_origin,4.0
fold_4,2,0,3,4.385202407836914,2.0940874881047624,1.5365077257156372,0.022586295381188393,0.6,False,1072,2025-07-21,target_end_strictly_before_forecast_origin,4.0
fold_4,2,0,2,4.406228065490723,2.0991017282377533,1.5172431468963623,0.022296732291579247,0.6,False,1072,2025-07-21,target_end_strictly_before_forecast_origin,4.0
fold_4,1,0,3,4.446938991546631,2.108776657578187,1.5541223287582397,0.022846834734082222,0.6,False,1072,2025-07-21,target_end_strictly_before_forecast_origin,4.0
fold_4,2,0,1,4.468492031097412,2.113880798696419,1.5000824928283691,0.02203686721622944,0.6,False,1072,2025-07-21,target_end_strictly_before_forecast_origin,4.0
fold_4,3,0,0,4.802409648895264,2.1914400856275456,1.6479958295822144,0.024232374504208565,0.6,False,1072,2025-07-21,target_end_strictly_before_forecast_origin,4.0
fold_4,3,0,2,4.836598873138428,2.199226880778431,1.653551459312439,0.024315131828188896,0.6,False,1072,2025-07-21,target_end_strictly_before_forecast_origin,4.0
fold_4,1,0,2,5.0070085525512695,2.2376345887010394,1.7079029083251953,0.025117771700024605,0.6,False,1072,2025-07-21,target_end_strictly_before_forecast_origin,4.0
fold_4,3,0,1,5.063962459564209,2.250324967546734,1.7241617441177368,0.025357866659760475,0.6,False,1072,2025-07-21,target_end_strictly_before_forecast_origin,4.0
fold_4,2,0,0,5.065748691558838,2.250721815675771,1.7293134927749634,0.025435008108615875,0.6,False,1072,2025-07-21,target_end_strictly_before_forecast_origin,4.0
fold_4,1,0,1,5.168163776397705,2.2733595792126033,1.7580171823501587,0.025859076529741287,0.6,False,1072,2025-07-21,target_end_strictly_before_forecast_origin,4.0
fold_4,2,1,2,5.491302490234375,2.343352830931436,1.8466559648513794,0.02716878429055214,0.6,False,1072,2025-07-21,target_end_strictly_before_forecast_origin,4.0
fold_4,1,0,0,6.004195213317871,2.4503459374785983,1.959018349647522,0.028826814144849777,0.6,False,1072,2025-07-21,target_end_strictly_before_forecast_origin,4.0
fold_4,3,1,3,50.44272232055664,7.102304014934635,6.89339542388916,0.10179352760314941,0.6,False,1072,2025-07-21,target_end_strictly_before_forecast_origin,4.0
fold_4,2,1,3,50.532230377197266,7.108602561488247,6.89983606338501,0.10188864171504974,0.6,False,1072,2025-07-21,target_end_strictly_before_forecast_origin,4.0
fold_4,3,1,1,50.84075164794922,7.130270096423362,6.922625541687012,0.10222485661506653,0.6,False,1072,2025-07-21,target_end_strictly_before_forecast_origin,4.0
fold_4,1,1,3,50.86600875854492,7.132040995293347,6.924473285675049,0.10225217789411545,0.6,False,1072,2025-07-21,target_end_strictly_before_forecast_origin,4.0
fold_4,3,1,2,50.92072677612305,7.135876034245763,6.9294304847717285,0.10232474654912949,0.6,False,1072,2025-07-21,target_end_strictly_before_forecast_origin,4.0
fold_4,0,1,1,51.07146453857422,7.146430195459424,6.939338684082031,0.10247163474559784,0.6,False,1072,2025-07-21,target_end_strictly_before_forecast_origin,4.0
fold_4,1,1,1,51.07605743408203,7.1467515301766324,6.939482688903809,0.10247385501861572,0.6,False,1072,2025-07-21,target_end_strictly_before_forecast_origin,4.0
fold_4,0,1,3,51.08594512939453,7.147443258214404,6.940303325653076,0.1024857833981514,0.6,False,1072,2025-07-21,target_end_strictly_before_forecast_origin,4.0
fold_4,1,1,0,51.09461975097656,7.148050066345126,6.941023826599121,0.10249648988246918,0.6,False,1072,2025-07-21,target_end_strictly_before_forecast_origin,4.0
fold_4,0,1,2,51.09900665283203,7.148356919798565,6.941319942474365,0.10250088572502136,0.6,False,1072,2025-07-21,target_end_strictly_before_forecast_origin,4.0
fold_4,2,1,0,51.100887298583984,7.148488462506181,6.941477298736572,0.10250318795442581,0.6,False,1072,2025-07-21,target_end_strictly_before_forecast_origin,4.0
fold_4,1,1,2,51.1086311340332,7.149030083447209,6.942018508911133,0.1025111973285675,0.6,False,1072,2025-07-21,target_end_strictly_before_forecast_origin,4.0
fold_4,2,1,1,51.15171432495117,7.152042668004098,6.945166110992432,0.10255761444568634,0.6,False,1072,2025-07-21,target_end_strictly_before_forecast_origin,4.0
fold_4,3,1,0,51.306678771972656,7.16286805490459,6.956188678741455,0.10272033512592316,0.6,False,1072,2025-07-21,target_end_strictly_before_forecast_origin,4.0
fold_4,0,1,0,51.97997283935547,7.209713783456003,7.004493713378906,0.1034335196018219,0.6,False,1072,2025-07-21,target_end_strictly_before_forecast_origin,4.0
fold_5,0,0,0,5.185957908630371,2.277269836587305,1.7383079528808594,0.027023550122976303,0.7166666666666667,True,1132,2025-09-19,target_end_strictly_before_forecast_origin,5.0
fold_5,0,0,1,5.257871150970459,2.293004830123665,1.768665075302124,0.027481913566589355,0.7,False,1132,2025-09-19,target_end_strictly_before_forecast_origin,5.0
fold_5,0,0,2,5.26267671585083,2.2940524658016934,1.777929425239563,0.027622492983937263,0.6833333333333333,False,1132,2025-09-19,target_end_strictly_before_forecast_origin,5.0
fold_5,0,0,3,5.380965232849121,2.319690762332152,1.8153702020645142,0.028190137818455696,0.6666666666666666,False,1132,2025-09-19,target_end_strictly_before_forecast_origin,5.0
fold_5,2,0,1,6.547690391540527,2.5588455192802333,1.9846616983413696,0.030794335529208183,0.5166666666666667,False,1132,2025-09-19,target_end_strictly_before_forecast_origin,5.0
fold_5,2,0,2,6.565732955932617,2.562368622179997,1.9898266792297363,0.030873892828822136,0.5166666666666667,False,1132,2025-09-19,target_end_strictly_before_forecast_origin,5.0
fold_5,2,0,3,6.59380578994751,2.5678406862473984,1.9972208738327026,0.030988214537501335,0.5,False,1132,2025-09-19,target_end_strictly_before_forecast_origin,5.0
fold_5,3,0,3,6.5969929695129395,2.568461206542341,1.997240662574768,0.030988259240984917,0.5,False,1132,2025-09-19,target_end_strictly_before_forecast_origin,5.0
fold_5,3,0,1,6.598129749298096,2.568682492893603,2.0036306381225586,0.03109092451632023,0.5,False,1132,2025-09-19,target_end_strictly_before_forecast_origin,5.0
fold_5,3,0,0,6.599270820617676,2.5689045954682075,2.001715660095215,0.031059831380844116,0.5,False,1132,2025-09-19,target_end_strictly_before_forecast_origin,5.0
fold_5,1,0,3,6.603121757507324,2.569654015136537,1.9994945526123047,0.03102371282875538,0.5,False,1132,2025-09-19,target_end_strictly_before_forecast_origin,5.0
fold_5,3,1,3,6.607840061187744,2.570571932700531,2.0067028999328613,0.0311397947371006,0.48333333333333334,False,1132,2025-09-19,target_end_strictly_before_forecast_origin,5.0
fold_5,1,0,0,6.610665798187256,2.57112150591668,2.0067381858825684,0.031140875071287155,0.4666666666666667,False,1132,2025-09-19,target_end_strictly_before_forecast_origin,5.0
fold_5,1,0,2,6.612525463104248,2.5714831251836454,2.0049452781677246,0.031110333278775215,0.5,False,1132,2025-09-19,target_end_strictly_before_forecast_origin,5.0
fold_5,2,0,0,6.626877307891846,2.5742721899387107,2.0077199935913086,0.031153196468949318,0.48333333333333334,False,1132,2025-09-19,target_end_strictly_before_forecast_origin,5.0
fold_5,1,0,1,6.632020950317383,2.5752710440490305,2.008908987045288,0.03117183782160282,0.48333333333333334,False,1132,2025-09-19,target_end_strictly_before_forecast_origin,5.0
fold_5,3,0,2,6.64599084854126,2.5779819333232847,2.006556272506714,0.031132083386182785,0.4666666666666667,False,1132,2025-09-19,target_end_strictly_before_forecast_origin,5.0
fold_5,0,1,0,8.762182235717773,2.96009834899413,2.4377245903015137,0.037855114787817,0.2833333333333333,False,1132,2025-09-19,target_end_strictly_before_forecast_origin,5.0
fold_5,2,1,3,8.922605514526367,2.987073068159928,2.4651129245758057,0.03828106448054314,0.2833333333333333,False,1132,2025-09-19,target_end_strictly_before_forecast_origin,5.0
fold_5,1,1,1,8.961986541748047,2.9936577195377643,2.4717116355895996,0.03838368505239487,0.2833333333333333,False,1132,2025-09-19,target_end_strictly_before_forecast_origin,5.0
fold_5,1,1,2,9.06622314453125,3.0110169618471514,2.488968849182129,0.03865223377943039,0.2833333333333333,False,1132,2025-09-19,target_end_strictly_before_forecast_origin,5.0
fold_5,0,1,2,9.074740409851074,3.0124309800974816,2.4903781414031982,0.03867414966225624,0.2833333333333333,False,1132,2025-09-19,target_end_strictly_before_forecast_origin,5.0
fold_5,2,1,0,9.089522361755371,3.014883473992879,2.4927899837493896,0.03871170058846474,0.2833333333333333,False,1132,2025-09-19,target_end_strictly_before_forecast_origin,5.0
fold_5,0,1,1,9.100295066833496,3.0166695322546513,2.494533061981201,0.03873885050415993,0.2833333333333333,False,1132,2025-09-19,target_end_strictly_before_forecast_origin,5.0
fold_5,1,1,3,9.102059364318848,3.0169619428025354,2.494943380355835,0.03874509781599045,0.2833333333333333,False,1132,2025-09-19,target_end_strictly_before_forecast_origin,5.0
fold_5,1,1,0,9.105511665344238,3.0175340371475907,2.495360851287842,0.038751762360334396,0.2833333333333333,False,1132,2025-09-19,target_end_strictly_before_forecast_origin,5.0
fold_5,3,1,2,9.118891716003418,3.019750273781496,2.4963765144348145,0.038766589015722275,0.2833333333333333,False,1132,2025-09-19,target_end_strictly_before_forecast_origin,5.0
fold_5,3,1,0,9.125947952270508,3.0209183955000354,2.49857759475708,0.03880197927355766,0.2833333333333333,False,1132,2025-09-19,target_end_strictly_before_forecast_origin,5.0
fold_5,2,1,2,9.126206398010254,3.0209611712185667,2.4986484050750732,0.038803040981292725,0.2833333333333333,False,1132,2025-09-19,target_end_strictly_before_forecast_origin,5.0
fold_5,2,1,1,9.12873363494873,3.0213794258498434,2.4991531372070312,0.03881077468395233,0.2833333333333333,False,1132,2025-09-19,target_end_strictly_before_forecast_origin,5.0
fold_5,3,1,1,9.156606674194336,3.0259885449542496,2.5036797523498535,0.03888123854994774,0.2833333333333333,False,1132,2025-09-19,target_end_strictly_before_forecast_origin,5.0
fold_5,0,1,3,9.180066108703613,3.0298623910507243,2.5073721408843994,0.038938846439123154,0.2833333333333333,False,1132,2025-09-19,target_end_strictly_before_forecast_origin,5.0
fold_6,3,1,2,7.625828742980957,2.761490311947691,2.3608338832855225,0.03692163527011871,0.6666666666666666,True,1192,2025-11-18,target_end_strictly_before_forecast_origin,6.0
fold_6,0,1,0,7.808398246765137,2.7943511316162715,2.380776882171631,0.037253282964229584,0.6666666666666666,False,1192,2025-11-18,target_end_strictly_before_forecast_origin,6.0
fold_6,1,1,2,7.813345432281494,2.7952362033076015,2.3814244270324707,0.037263862788677216,0.6666666666666666,False,1192,2025-11-18,target_end_strictly_before_forecast_origin,6.0
fold_6,2,1,1,7.818270683288574,2.7961170725290767,2.382075548171997,0.037274546921253204,0.6666666666666666,False,1192,2025-11-18,target_end_strictly_before_forecast_origin,6.0
fold_6,1,1,0,7.818699359893799,2.7961937271751753,2.3821306228637695,0.037275444716215134,0.6666666666666666,False,1192,2025-11-18,target_end_strictly_before_forecast_origin,6.0
fold_6,2,1,0,7.818911075592041,2.7962315847568924,2.382157325744629,0.03727589175105095,0.6666666666666666,False,1192,2025-11-18,target_end_strictly_before_forecast_origin,6.0
fold_6,0,1,1,7.819502830505371,2.7963373956848216,2.382235527038574,0.037277162075042725,0.6666666666666666,False,1192,2025-11-18,target_end_strictly_before_forecast_origin,6.0
fold_6,0,1,2,7.821166038513184,2.7966347703111296,2.3824517726898193,0.03728071600198746,0.6666666666666666,False,1192,2025-11-18,target_end_strictly_before_forecast_origin,6.0
fold_6,1,1,3,7.82645320892334,2.7975798842791497,2.3831427097320557,0.03729201480746269,0.6666666666666666,False,1192,2025-11-18,target_end_strictly_before_forecast_origin,6.0
fold_6,1,1,1,7.850533485412598,2.8018803481613195,2.3862555027008057,0.03734296187758446,0.6666666666666666,False,1192,2025-11-18,target_end_strictly_before_forecast_origin,6.0
fold_6,2,1,2,7.851830959320068,2.8021118748758176,2.3864450454711914,0.037346143275499344,0.6666666666666666,False,1192,2025-11-18,target_end_strictly_before_forecast_origin,6.0
fold_6,3,1,1,7.859341144561768,2.803451648336701,2.3874170780181885,0.03736202046275139,0.6666666666666666,False,1192,2025-11-18,target_end_strictly_before_forecast_origin,6.0
fold_6,2,1,3,7.865943431854248,2.8046289294404434,2.3882319927215576,0.03737527132034302,0.6666666666666666,False,1192,2025-11-18,target_end_strictly_before_forecast_origin,6.0
fold_6,3,1,0,7.879903316497803,2.8071165484350313,2.3900935649871826,0.03740590438246727,0.6666666666666666,False,1192,2025-11-18,target_end_strictly_before_forecast_origin,6.0
fold_6,0,1,3,7.890753269195557,2.809048463304889,2.3914847373962402,0.03742865473031998,0.6666666666666666,False,1192,2025-11-18,target_end_strictly_before_forecast_origin,6.0
fold_6,0,0,0,9.503323554992676,3.0827461061515713,2.421349048614502,0.036695994436740875,0.3333333333333333,False,1192,2025-11-18,target_end_strictly_before_forecast_origin,6.0
fold_6,0,0,1,9.613041877746582,3.1004905866244106,2.450852870941162,0.03716548532247543,0.31666666666666665,False,1192,2025-11-18,target_end_strictly_before_forecast_origin,6.0
fold_6,3,0,2,9.67722225189209,3.110823404163613,2.6816492080688477,0.040983669459819794,0.08333333333333333,False,1192,2025-11-18,target_end_strictly_before_forecast_origin,6.0
fold_6,0,0,3,9.678376197814941,3.1110088713815878,2.4859120845794678,0.037725429981946945,0.3,False,1192,2025-11-18,target_end_strictly_before_forecast_origin,6.0
fold_6,0,0,2,9.68661880493164,3.1123333376956333,2.4732437133789062,0.03751720115542412,0.3,False,1192,2025-11-18,target_end_strictly_before_forecast_origin,6.0
fold_6,3,0,3,10.081598281860352,3.1751532690344813,2.7255122661590576,0.041610535234212875,0.11666666666666667,False,1192,2025-11-18,target_end_strictly_before_forecast_origin,6.0
fold_6,2,0,3,10.096506118774414,3.1774999793508125,2.7278380393981934,0.04164610803127289,0.11666666666666667,False,1192,2025-11-18,target_end_strictly_before_forecast_origin,6.0
fold_6,1,0,3,10.10554313659668,3.178921694002021,2.73240065574646,0.04172087833285332,0.1,False,1192,2025-11-18,target_end_strictly_before_forecast_origin,6.0
fold_6,2,0,2,10.160505294799805,3.187554751655225,2.7346065044403076,0.04174434393644333,0.15,False,1192,2025-11-18,target_end_strictly_before_forecast_origin,6.0
fold_6,1,0,0,10.214327812194824,3.1959862033799245,2.7738089561462402,0.04240663722157478,0.11666666666666667,False,1192,2025-11-18,target_end_strictly_before_forecast_origin,6.0
fold_6,3,0,0,10.241650581359863,3.200257892945483,2.754781484603882,0.0420629121363163,0.1,False,1192,2025-11-18,target_end_strictly_before_forecast_origin,6.0
fold_6,1,0,2,10.257497787475586,3.2027328623342264,2.7623159885406494,0.04218731448054314,0.08333333333333333,False,1192,2025-11-18,target_end_strictly_before_forecast_origin,6.0
fold_6,1,0,1,10.258727073669434,3.2029247686558975,2.7677001953125,0.042280297726392746,0.05,False,1192,2025-11-18,target_end_strictly_before_forecast_origin,6.0
fold_6,2,0,0,10.261628150939941,3.203377616039037,2.765310049057007,0.04223785921931267,0.06666666666666667,False,1192,2025-11-18,target_end_strictly_before_forecast_origin,6.0
fold_6,2,0,1,10.264473915100098,3.203821767061972,2.748398780822754,0.041952334344387054,0.16666666666666666,False,1192,2025-11-18,target_end_strictly_before_forecast_origin,6.0
fold_6,3,1,3,10.29927921295166,3.2092490107424916,2.781080484390259,0.042501285672187805,0.08333333333333333,False,1192,2025-11-18,target_end_strictly_before_forecast_origin,6.0
fold_6,3,0,1,10.364503860473633,3.219394952545219,2.775514841079712,0.04238193854689598,0.08333333333333333,False,1192,2025-11-18,target_end_strictly_before_forecast_origin,6.0
