model,fold,date,reference_brent,target_price,predicted_price,target_residual,predicted_residual,error,abs_error,selected_order
ARIMA,1,2025-03-23,72.64,70.41533333333332,72.05372,-2.2246666666666783,-0.58627814,1.638385233561209,1.638385233561209,"(0,0,0)"
ARIMA,1,2025-03-24,73.96,70.22533333333332,73.37372,-3.7346666666666692,-0.58627814,3.1483849283854255,3.1483849283854255,"(0,0,0)"
ARIMA,1,2025-03-25,73.78,70.01599999999999,73.19372,-3.76400000000001,-0.58627814,3.1777179565429776,3.1777179565429776,"(0,0,0)"
ARIMA,1,2025-03-26,74.6,69.76233333333332,74.01372,-4.837666666666678,-0.58627814,4.251384318033871,4.251384318033871,"(0,0,0)"
ARIMA,1,2025-03-27,74.72,69.50466666666667,74.13372,-5.215333333333334,-0.58627814,4.6290537312825535,4.6290537312825535,"(0,0,0)"
ARIMA,1,2025-03-28,74.69,69.24799999999999,74.10372,-5.442000000000007,-0.58627814,4.855721618652353,4.855721618652353,"(0,0,0)"
ARIMA,1,2025-03-29,74.69,68.96266666666666,74.10372,-5.727333333333334,-0.58627814,5.14105495198568,5.14105495198568,"(0,0,0)"
ARIMA,1,2025-03-30,74.69,68.60766666666667,74.10372,-6.082333333333324,-0.58627814,5.49605495198567,5.49605495198567,"(0,0,0)"
ARIMA,1,2025-03-31,77.23,68.14566666666666,76.64372,-9.084333333333348,-0.58627814,8.498055867513031,8.498055867513031,"(0,0,0)"
ARIMA,1,2025-04-01,77.78,67.63199999999999,77.19372,-10.14800000000001,-0.58627814,9.561717956542978,9.561717956542978,"(0,0,0)"
ARIMA,1,2025-04-02,77.27,67.10866666666665,76.683716,-10.161333333333346,-0.58627814,9.57504915364585,9.57504915364585,"(0,0,0)"
ARIMA,1,2025-04-03,72.54,66.74299999999998,71.95372,-5.7970000000000255,-0.58627814,5.210720092773457,5.210720092773457,"(0,0,0)"
ARIMA,1,2025-04-04,68.36,66.51666666666665,67.77372,-1.843333333333348,-0.58627814,1.2570531209310047,1.2570531209310047,"(0,0,0)"
ARIMA,1,2025-04-05,68.36,66.29033333333332,67.77372,-2.069666666666677,-0.58627814,1.483386454264334,1.483386454264334,"(0,0,0)"
ARIMA,1,2025-04-06,68.36,66.09066666666665,67.77372,-2.26933333333335,-0.58627814,1.6830531209310067,1.6830531209310067,"(0,0,0)"
ARIMA,1,2025-04-07,66.13,65.89666666666666,65.54372,-0.23333333333333428,-0.58627814,-0.35295023600259867,0.35295023600259867,"(0,0,0)"
ARIMA,1,2025-04-08,64.86,65.80866666666665,64.27372,0.9486666666666537,-0.58627814,-1.5349468790689969,1.5349468790689969,"(0,0,0)"
ARIMA,1,2025-04-09,67.3,65.70733333333332,66.71372,-1.5926666666666733,-0.58627814,1.0063888956705824,1.0063888956705824,"(0,0,0)"
ARIMA,1,2025-04-10,65.37,65.67033333333332,64.78372,0.30033333333331313,-0.58627814,-0.8866114095051927,0.8866114095051927,"(0,0,0)"
ARIMA,1,2025-04-11,66.83,65.58466666666666,66.24372,-1.2453333333333347,-0.58627814,0.6590543416341177,0.6590543416341177,"(0,0,0)"
ARIMA,1,2025-04-12,66.83,65.533,66.24372,-1.296999999999997,-0.58627814,0.71072100830078,0.71072100830078,"(0,0,0)"
ARIMA,1,2025-04-13,66.83,65.53633333333333,66.24372,-1.2936666666666667,-0.58627814,0.7073876749674497,0.7073876749674497,"(0,0,0)"
ARIMA,1,2025-04-14,67.18,65.494,66.59372,-1.686000000000007,-0.58627814,1.0997194824218752,1.0997194824218752,"(0,0,0)"
ARIMA,1,2025-04-15,66.58,65.42,65.99372,-1.1599999999999966,-0.58627814,0.5737210083007795,0.5737210083007795,"(0,0,0)"
ARIMA,1,2025-04-16,67.94,65.32866666666668,67.35372,-2.61133333333332,-0.58627814,2.025054951985666,2.025054951985666,"(0,0,0)"
ARIMA,1,2025-04-17,69.33,65.191,68.74372,-4.138999999999996,-0.58627814,3.5527210083007787,3.5527210083007787,"(0,0,0)"
ARIMA,1,2025-04-18,69.33,65.05333333333334,68.74372,-4.276666666666657,-0.58627814,3.6903876749674396,3.6903876749674396,"(0,0,0)"
ARIMA,1,2025-04-19,69.33,64.95066666666668,68.74372,-4.379333333333321,-0.58627814,3.793054341634104,3.793054341634104,"(0,0,0)"
ARIMA,1,2025-04-20,69.33,64.87066666666666,68.74372,-4.459333333333333,-0.58627814,3.8730543416341163,3.8730543416341163,"(0,0,0)"
ARIMA,1,2025-04-21,69.33,64.75500000000001,68.74372,-4.574999999999989,-0.58627814,3.9887210083007716,3.9887210083007716,"(0,0,0)"
ARIMA,1,2025-04-22,68.93,64.61966666666666,68.34372,-4.310333333333347,-0.58627814,3.724052815755215,3.724052815755215,"(0,0,0)"
ARIMA,1,2025-04-23,68.26,64.52466666666666,67.67372,-3.735333333333344,-0.58627814,3.149054646809901,3.149054646809901,"(0,0,0)"
ARIMA,1,2025-04-24,67.5,64.455,66.91372,-3.0450000000000017,-0.58627814,2.4587191772460955,2.4587191772460955,"(0,0,0)"
ARIMA,1,2025-04-25,66.99,64.40233333333335,66.40372,-2.5876666666666495,-0.58627814,2.0013837076822796,2.0013837076822796,"(0,0,0)"
ARIMA,1,2025-04-26,66.99,64.34966666666668,66.40372,-2.6403333333333165,-0.58627814,2.0540503743489467,2.0540503743489467,"(0,0,0)"
ARIMA,1,2025-04-27,66.99,64.26066666666668,66.40372,-2.729333333333315,-0.58627814,2.1430503743489453,2.1430503743489453,"(0,0,0)"
ARIMA,1,2025-04-28,66.13,64.24700000000001,65.54372,-1.8829999999999814,-0.58627814,1.2967164306640484,1.2967164306640484,"(0,0,0)"
ARIMA,1,2025-04-29,64.04,64.26566666666666,63.453724,0.2256666666666547,-0.58627814,-0.8119427591959578,0.8119427591959578,"(0,0,0)"
ARIMA,1,2025-04-30,63.37,64.29733333333333,62.783722,0.9273333333333298,-0.58627814,-1.5136114095052022,1.5136114095052022,"(0,0,0)"
ARIMA,1,2025-05-01,62.37,64.36233333333332,61.783722,1.9923333333333275,-0.58627814,-2.5786114095052,2.5786114095052,"(0,0,0)"
ARIMA,1,2025-05-02,61.57,64.454,60.983723,2.8839999999999932,-0.58627814,-3.4702773132324154,3.4702773132324154,"(0,0,0)"
ARIMA,1,2025-05-03,61.57,64.61999999999999,60.983723,3.04999999999999,-0.58627814,-3.636277313232412,3.636277313232412,"(0,0,0)"
ARIMA,1,2025-05-04,61.57,64.817,60.983723,3.246999999999993,-0.58627814,-3.833277313232415,3.833277313232415,"(0,0,0)"
ARIMA,1,2025-05-05,61.57,64.98766666666667,60.983723,3.417666666666669,-0.58627814,-4.003943979899091,4.003943979899091,"(0,0,0)"
ARIMA,1,2025-05-06,62.37,65.14666666666668,61.783722,2.776666666666678,-0.58627814,-3.3629447428385504,3.3629447428385504,"(0,0,0)"
ARIMA,1,2025-05-07,60.31,65.40366666666667,59.723724,5.093666666666664,-0.58627814,-5.679942301432291,5.679942301432291,"(0,0,0)"
ARIMA,1,2025-05-08,62.22,65.59700000000001,61.633724,3.3770000000000095,-0.58627814,-3.963275787353524,3.963275787353524,"(0,0,0)"
ARIMA,1,2025-05-09,64.26,65.72233333333334,63.673725,1.4623333333333335,-0.58627814,-2.0486082051595105,2.0486082051595105,"(0,0,0)"
ARIMA,1,2025-05-10,64.26,65.87133333333334,63.673725,1.6113333333333344,-0.58627814,-2.1976082051595114,2.1976082051595114,"(0,0,0)"
ARIMA,1,2025-05-11,64.26,66.00966666666667,63.673725,1.7496666666666698,-0.58627814,-2.335941538492847,2.335941538492847,"(0,0,0)"
ARIMA,1,2025-05-12,65.28,66.21,64.69372,0.9299999999999926,-0.58627814,-1.516282043457025,1.516282043457025,"(0,0,0)"
ARIMA,1,2025-05-13,66.93,66.34033333333333,66.34372,-0.5896666666666732,-0.58627814,0.0033861490885414014,0.0033861490885414014,"(0,0,0)"
ARIMA,1,2025-05-14,65.91,66.67666666666666,65.32372,0.7666666666666657,-0.58627814,-1.3529438273111936,1.3529438273111936,"(0,0,0)"
ARIMA,1,2025-05-15,64.36,67.06466666666667,63.773724,2.704666666666668,-0.58627814,-3.2909430643717457,3.2909430643717457,"(0,0,0)"
ARIMA,1,2025-05-16,65.2,67.42466666666665,64.613716,2.22466666666665,-0.58627814,-2.8109505411783715,2.8109505411783715,"(0,0,0)"
ARIMA,1,2025-05-17,65.2,67.75299999999999,64.613716,2.552999999999983,-0.58627814,-3.1392838745117047,3.1392838745117047,"(0,0,0)"
ARIMA,1,2025-05-18,65.2,68.203,64.613716,3.003,-0.58627814,-3.5892838745117217,3.5892838745117217,"(0,0,0)"
ARIMA,1,2025-05-19,66.25,68.60733333333333,65.66372,2.3573333333333295,-0.58627814,-2.9436141560872358,2.9436141560872358,"(0,0,0)"
ARIMA,1,2025-05-20,66.93,69.05533333333332,66.34372,2.125333333333316,-0.58627814,-2.711613850911448,2.711613850911448,"(0,0,0)"
ARIMA,1,2025-05-21,65.86,69.48433333333332,65.27372,3.6243333333333254,-0.58627814,-4.210613545735669,4.210613545735669,"(0,0,0)"
ARIMA,2,2025-05-22,64.87,69.94633333333333,60.548157,5.076333333333324,-4.3218465,-9.398176595052078,9.398176595052078,"(1,0,0)"
ARIMA,2,2025-05-23,65.41,70.39033333333333,61.324833,4.980333333333334,-4.08517,-9.065500417073565,9.065500417073565,"(1,0,0)"
ARIMA,2,2025-05-24,65.41,70.688,61.546104,5.278000000000006,-3.8638973,-9.141895568847659,9.141895568847659,"(1,0,0)"
ARIMA,2,2025-05-25,65.41,70.812,61.752975,5.402000000000001,-3.6570265,-9.05902453613281,9.05902453613281,"(1,0,0)"
ARIMA,2,2025-05-26,65.41,70.91166666666666,61.946384,5.501666666666665,-3.4636202,-8.965282236735021,8.965282236735021,"(1,0,0)"
ARIMA,2,2025-05-27,64.32,71.05333333333334,61.037197,6.7333333333333485,-3.2828016,-10.016136220296232,10.016136220296232,"(1,0,0)"
ARIMA,2,2025-05-28,65.72,71.175,62.60625,5.454999999999998,-3.113752,-8.568749237060544,8.568749237060544,"(1,0,0)"
ARIMA,2,2025-05-29,64.6,71.334,61.644295,6.734000000000009,-2.9557047,-9.689705261230472,9.689705261230472,"(1,0,0)"
ARIMA,2,2025-05-30,64.32,71.50233333333334,61.512054,7.182333333333347,-2.807944,-9.990278889973965,9.990278889973965,"(1,0,0)"
ARIMA,2,2025-05-31,64.32,71.63000000000001,61.6502,7.3100000000000165,-2.6698008,-9.979800109863291,9.979800109863291,"(1,0,0)"
ARIMA,2,2025-06-01,64.32,71.74033333333334,61.77935,7.420333333333346,-2.5406485,-9.96098305257162,9.96098305257162,"(1,0,0)"
ARIMA,2,2025-06-02,66.55,71.882,64.130104,5.332000000000008,-2.419902,-7.751895935058599,7.751895935058599,"(1,0,0)"
ARIMA,2,2025-06-03,67.48,71.98,65.17299,4.5,-2.3070147,-6.8070111083984415,6.8070111083984415,"(1,0,0)"
ARIMA,2,2025-06-04,66.69,72.12466666666667,64.488525,5.434666666666672,-2.2014744,-7.63614127604167,7.63614127604167,"(1,0,0)"
ARIMA,2,2025-06-05,67.14,72.25433333333335,65.03719,5.114333333333349,-2.1028035,-7.2171400349935055,7.2171400349935055,"(1,0,0)"
ARIMA,2,2025-06-06,68.02,72.35466666666667,66.009445,4.334666666666678,-2.0105546,-6.345221476236986,6.345221476236986,"(1,0,0)"
ARIMA,2,2025-06-07,68.02,72.48566666666666,66.09569,4.465666666666664,-1.9243098,-6.389978800455722,6.389978800455722,"(1,0,0)"
ARIMA,2,2025-06-08,68.02,72.635,66.176315,4.615000000000009,-1.8436782,-6.458684692382818,6.458684692382818,"(1,0,0)"
ARIMA,2,2025-06-09,68.73,72.74333333333334,66.96171,4.013333333333335,-1.7682947,-5.781625264485683,5.781625264485683,"(1,0,0)"
ARIMA,2,2025-06-10,68.41,72.809,66.71219,4.399000000000001,-1.6978174,-6.0968112792968725,6.0968112792968725,"(1,0,0)"
ARIMA,2,2025-06-11,71.29,72.83466666666666,69.65807,1.5446666666666573,-1.6319273,-3.176593241373695,3.176593241373695,"(1,0,0)"
ARIMA,2,2025-06-12,70.84,72.87533333333334,69.26967,2.035333333333341,-1.5703256,-3.605664754231782,3.605664754231782,"(1,0,0)"
ARIMA,2,2025-06-13,76.0,72.744,74.48727,-3.2560000000000002,-1.5127333,1.743266540527344,1.743266540527344,"(1,0,0)"
ARIMA,2,2025-06-14,76.0,72.57600000000001,74.54111,-3.4239999999999924,-1.4588895,1.9651071777343674,1.9651071777343674,"(1,0,0)"
ARIMA,2,2025-06-15,76.0,72.38499999999999,74.59145,-3.615000000000009,-1.4085501,2.206453552246103,2.206453552246103,"(1,0,0)"
ARIMA,2,2025-06-16,75.05,72.20566666666667,73.688515,-2.8443333333333243,-1.3614872,1.4828480428059834,1.4828480428059834,"(1,0,0)"
ARIMA,2,2025-06-17,78.7,71.95966666666666,77.38251,-6.740333333333339,-1.3174872,5.422840657552086,5.422840657552086,"(1,0,0)"
ARIMA,2,2025-06-18,78.38,71.71566666666668,77.103645,-6.6643333333333175,-1.2763511,5.387978658040353,5.387978658040353,"(1,0,0)"
ARIMA,2,2025-06-19,80.37,71.40533333333333,79.13211,-8.964666666666673,-1.2378924,7.726777262369794,7.726777262369794,"(1,0,0)"
ARIMA,2,2025-06-20,78.73,71.14966666666668,77.52807,-7.5803333333333285,-1.2019367,6.378401875813793,6.378401875813793,"(1,0,0)"
ARIMA,2,2025-06-21,78.73,70.92266666666666,77.56168,-7.807333333333347,-1.1683213,6.639016988118499,6.639016988118499,"(1,0,0)"
ARIMA,2,2025-06-22,78.73,70.62133333333333,77.59311,-8.108666666666679,-1.1368937,6.97177579752605,6.97177579752605,"(1,0,0)"
ARIMA,2,2025-06-23,74.34,70.449,73.23248,-3.8910000000000053,-1.1075116,2.783482910156252,2.783482910156252,"(1,0,0)"
ARIMA,2,2025-06-24,69.13,70.492,68.04996,1.362000000000009,-1.0800419,-2.4420427246093794,2.4420427246093794,"(1,0,0)"
ARIMA,2,2025-06-25,68.4,70.51966666666667,67.34564,2.11966666666666,-1.05436,-3.174024576822916,3.174024576822916,"(1,0,0)"
ARIMA,2,2025-06-26,68.57,70.54166666666669,67.53965,1.9716666666666924,-1.0303497,-3.0020167032877794,3.0020167032877794,"(1,0,0)"
ARIMA,2,2025-06-27,69.37,70.537,68.3621,1.1670000000000016,-1.0079021,-2.17490130615235,2.17490130615235,"(1,0,0)"
ARIMA,2,2025-06-28,69.37,70.587,68.38309,1.2169999999999987,-0.9869155,-2.2039128417968783,2.2039128417968783,"(1,0,0)"
ARIMA,2,2025-06-29,69.37,70.715,68.40271,1.3449999999999989,-0.9672948,-2.3122900390625034,2.3122900390625034,"(1,0,0)"
ARIMA,2,2025-06-30,68.15,70.90933333333334,67.20105,2.7593333333333305,-0.9489512,-3.708283528645836,3.708283528645836,"(1,0,0)"
ARIMA,2,2025-07-01,67.63,71.10266666666666,66.6982,3.472666666666669,-0.93180144,-4.404470255533852,4.404470255533852,"(1,0,0)"
ARIMA,2,2025-07-02,70.8,71.09433333333335,69.88423,0.29433333333335554,-0.9157679,-1.2101017659505402,1.2101017659505402,"(1,0,0)"
ARIMA,2,2025-07-03,70.42,71.09866666666669,69.51922,0.6786666666666861,-0.90077794,-1.579448221842469,1.579448221842469,"(1,0,0)"
ARIMA,2,2025-07-04,71.03,71.08266666666668,70.143234,0.052666666666681294,-0.8867636,-0.9394324137369949,0.9394324137369949,"(1,0,0)"
ARIMA,2,2025-07-05,71.03,71.03366666666668,70.156334,0.0036666666666747005,-0.8736614,-0.8773327433268321,0.8773327433268321,"(1,0,0)"
ARIMA,2,2025-07-06,71.03,70.97066666666666,70.16859,-0.0593333333333419,-0.8614119,-0.802079935709628,0.802079935709628,"(1,0,0)"
ARIMA,2,2025-07-07,71.95,70.838,71.10004,-1.112000000000009,-0.84995973,0.26203662109375614,0.26203662109375614,"(1,0,0)"
ARIMA,2,2025-07-08,72.5,70.65433333333333,71.66074,-1.8456666666666734,-0.83925295,1.0064103800455797,1.0064103800455797,"(1,0,0)"
ARIMA,2,2025-07-09,71.98,70.494,71.15076,-1.4860000000000042,-0.82924294,0.6567568359375002,0.6567568359375002,"(1,0,0)"
ARIMA,2,2025-07-10,70.38,70.387,69.56011,0.007000000000005002,-0.81988454,-0.8268880004882817,0.8268880004882817,"(1,0,0)"
ARIMA,2,2025-07-11,72.06,70.224,71.24886,-1.8359999999999985,-0.8111352,1.02486322021484,1.02486322021484,"(1,0,0)"
ARIMA,2,2025-07-12,72.06,70.06733333333335,71.25704,-1.9926666666666506,-0.80295527,1.189708597818992,1.189708597818992,"(1,0,0)"
ARIMA,2,2025-07-13,72.06,69.89200000000001,71.26469,-2.167999999999992,-0.79530776,1.3726865844726461,1.3726865844726461,"(1,0,0)"
ARIMA,2,2025-07-14,70.96,69.735,70.171844,-1.2249999999999943,-0.788158,0.43684448242187557,0.43684448242187557,"(1,0,0)"
ARIMA,2,2025-07-15,70.27,69.66333333333334,69.488525,-0.6066666666666549,-0.78147364,-0.1748079427083411,0.1748079427083411,"(1,0,0)"
ARIMA,2,2025-07-16,69.67,69.58433333333333,68.894775,-0.08566666666666833,-0.77522427,-0.6895579427083334,0.6895579427083334,"(1,0,0)"
ARIMA,2,2025-07-17,71.32,69.45033333333332,70.55062,-1.8696666666666744,-0.76938164,1.100287699381525,1.100287699381525,"(1,0,0)"
ARIMA,2,2025-07-18,71.06,69.325,70.29608,-1.7349999999999994,-0.7639193,0.9710815429687472,0.9710815429687472,"(1,0,0)"
ARIMA,2,2025-07-19,71.06,69.229,70.301186,-1.831000000000003,-0.7588125,1.072185607910157,1.072185607910157,"(1,0,0)"
ARIMA,2,2025-07-20,71.06,69.08099999999999,70.30596,-1.9790000000000134,-0.75403804,1.22496160888673,1.22496160888673,"(1,0,0)"
ARIMA,3,2025-07-21,71.92,68.93733333333333,71.370636,-2.982666666666674,-0.54935956,2.433302652994797,2.433302652994797,"(0,0,0)"
ARIMA,3,2025-07-22,69.69,68.89466666666667,69.14064,-0.7953333333333319,-0.54935956,0.24597359212239667,0.24597359212239667,"(0,0,0)"
ARIMA,3,2025-07-23,69.17,68.86533333333334,68.620636,-0.3046666666666624,-0.54935956,-0.24469734700521428,0.24469734700521428,"(0,0,0)"
ARIMA,3,2025-07-24,70.42,68.79433333333333,69.870636,-1.6256666666666746,-0.54935956,1.0763026529947979,1.0763026529947979,"(0,0,0)"
ARIMA,3,2025-07-25,69.23,68.76299999999999,68.68064,-0.46700000000001296,-0.54935956,-0.08235882568358477,0.08235882568358477,"(0,0,0)"
ARIMA,3,2025-07-26,69.23,68.73166666666665,68.68064,-0.49833333333334906,-0.54935956,-0.05102549235024867,0.05102549235024867,"(0,0,0)"
ARIMA,3,2025-07-27,69.23,68.65366666666667,68.68064,-0.5763333333333378,-0.54935956,0.026974507649740076,0.026974507649740076,"(0,0,0)"
ARIMA,3,2025-07-28,70.87,68.54966666666665,70.32064,-2.320333333333352,-0.54935956,1.770973897298191,1.770973897298191,"(0,0,0)"
ARIMA,3,2025-07-29,73.21,68.39633333333333,72.66064,-4.813666666666663,-0.54935956,4.264303568522138,4.264303568522138,"(0,0,0)"
ARIMA,3,2025-07-30,73.98,68.19133333333333,73.43064,-5.788666666666671,-0.54935956,5.239307840983074,5.239307840983074,"(0,0,0)"
ARIMA,3,2025-07-31,73.43,68.00466666666667,72.88064,-5.425333333333342,-0.54935956,4.8759714558919285,4.8759714558919285,"(0,0,0)"
ARIMA,3,2025-08-01,70.55,67.914,70.00064,-2.6359999999999957,-0.54935956,2.0866408691406235,2.0866408691406235,"(0,0,0)"
ARIMA,3,2025-08-02,70.55,67.79866666666665,70.00064,-2.751333333333349,-0.54935956,2.201974202473977,2.201974202473977,"(0,0,0)"
ARIMA,3,2025-08-03,70.55,67.71666666666665,70.00064,-2.833333333333343,-0.54935956,2.2839742024739706,2.2839742024739706,"(0,0,0)"
ARIMA,3,2025-08-04,69.56,67.65666666666665,69.010635,-1.9033333333333502,-0.54935956,1.3539687093099104,1.3539687093099104,"(0,0,0)"
ARIMA,3,2025-08-05,69.14,67.56566666666666,68.59064,-1.5743333333333425,-0.54935956,1.024970540364592,1.024970540364592,"(0,0,0)"
ARIMA,3,2025-08-06,67.97,67.464,67.42064,-0.5060000000000002,-0.54935956,-0.043360961914061136,0.043360961914061136,"(0,0,0)"
ARIMA,3,2025-08-07,66.99,67.39500000000001,66.440636,0.40500000000001535,-0.54935956,-0.9543643188476665,0.9543643188476665,"(0,0,0)"
ARIMA,3,2025-08-08,67.17,67.32000000000001,66.620636,0.15000000000000568,-0.54935956,-0.6993640136718824,0.6993640136718824,"(0,0,0)"
ARIMA,3,2025-08-09,67.17,67.26233333333334,66.620636,0.09233333333334315,-0.54935956,-0.6416973470052199,0.6416973470052199,"(0,0,0)"
ARIMA,3,2025-08-10,67.17,67.28900000000002,66.620636,0.11900000000001398,-0.54935956,-0.6683640136718907,0.6683640136718907,"(0,0,0)"
ARIMA,3,2025-08-11,67.36,67.29766666666667,66.81064,-0.0623333333333278,-0.54935956,-0.48702823893229663,0.48702823893229663,"(0,0,0)"
ARIMA,3,2025-08-12,66.8,67.31266666666667,66.25064,0.512666666666675,-0.54935956,-1.0620257975260472,1.0620257975260472,"(0,0,0)"
ARIMA,3,2025-08-13,66.25,67.36666666666666,65.70064,1.11666666666666,-0.54935956,-1.6660288492838475,1.6660288492838475,"(0,0,0)"
ARIMA,3,2025-08-14,68.12,67.35833333333333,67.57064,-0.7616666666666703,-0.54935956,0.21230723063150947,0.21230723063150947,"(0,0,0)"
ARIMA,3,2025-08-15,67.3,67.37733333333333,66.75064,0.07733333333332837,-0.54935956,-0.6266924641927005,0.6266924641927005,"(0,0,0)"
ARIMA,3,2025-08-16,67.3,67.39666666666666,66.75064,0.09666666666666401,-0.54935956,-0.6460257975260362,0.6460257975260362,"(0,0,0)"
ARIMA,3,2025-08-17,67.3,67.47633333333333,66.75064,0.17633333333333212,-0.54935956,-0.7256924641927043,0.7256924641927043,"(0,0,0)"
ARIMA,3,2025-08-18,68.18,67.50999999999999,67.63064,-0.6700000000000159,-0.54935956,0.12063812255860284,0.12063812255860284,"(0,0,0)"
ARIMA,3,2025-08-19,66.62,67.55033333333334,66.07064,0.930333333333337,-0.54935956,-1.4796927693684978,1.4796927693684978,"(0,0,0)"
ARIMA,3,2025-08-20,67.61,67.53166666666667,67.06064,-0.07833333333333314,-0.54935956,-0.4710282389322913,0.4710282389322913,"(0,0,0)"
ARIMA,3,2025-08-21,68.41,67.48633333333333,67.86064,-0.9236666666666622,-0.54935956,0.3743081461588531,0.3743081461588531,"(0,0,0)"
ARIMA,3,2025-08-22,68.29,67.445,67.74064,-0.8450000000000131,-0.54935956,0.29563873291016307,0.29563873291016307,"(0,0,0)"
ARIMA,3,2025-08-23,68.29,67.39766666666667,67.74064,-0.8923333333333403,-0.54935956,0.3429720662434903,0.3429720662434903,"(0,0,0)"
ARIMA,3,2025-08-24,68.29,67.38666666666667,67.74064,-0.903333333333336,-0.54935956,0.353972066243486,0.353972066243486,"(0,0,0)"
ARIMA,3,2025-08-25,68.29,67.43166666666667,67.74064,-0.8583333333333343,-0.54935956,0.3089720662434843,0.3089720662434843,"(0,0,0)"
ARIMA,3,2025-08-26,66.89,67.55133333333335,66.34064,0.6613333333333458,-0.54935956,-1.2106961263020963,1.2106961263020963,"(0,0,0)"
ARIMA,3,2025-08-27,67.75,67.66466666666668,67.20064,-0.08533333333332394,-0.54935956,-0.46402884928386356,0.46402884928386356,"(0,0,0)"
ARIMA,3,2025-08-28,68.61,67.74933333333334,68.06064,-0.8606666666666598,-0.54935956,0.3113050944010354,0.3113050944010354,"(0,0,0)"
ARIMA,3,2025-08-29,67.83,67.86000000000001,67.28064,0.030000000000015348,-0.54935956,-0.5793603515625136,0.5793603515625136,"(0,0,0)"
ARIMA,3,2025-08-30,67.83,67.89900000000002,67.28064,0.06900000000001683,-0.54935956,-0.6183603515625151,0.6183603515625151,"(0,0,0)"
ARIMA,3,2025-08-31,67.83,67.92200000000001,67.28064,0.09200000000001296,-0.54935956,-0.6413603515625113,0.6413603515625113,"(0,0,0)"
ARIMA,3,2025-09-01,67.09,67.908,66.540634,0.8179999999999978,-0.54935956,-1.3673658447265638,1.3673658447265638,"(0,0,0)"
ARIMA,3,2025-09-02,68.09,67.81966666666668,67.540634,-0.2703333333333262,-0.54935956,-0.2790325113932397,0.2790325113932397,"(0,0,0)"
ARIMA,3,2025-09-03,67.76,67.76533333333334,67.21064,0.005333333333339851,-0.54935956,-0.5546933797200637,0.5546933797200637,"(0,0,0)"
ARIMA,3,2025-09-04,66.41,67.75600000000001,65.86064,1.3460000000000178,-0.54935956,-1.895358520507827,1.895358520507827,"(0,0,0)"
ARIMA,3,2025-09-05,64.92,67.79633333333335,64.370636,2.876333333333349,-0.54935956,-3.425697347005226,3.425697347005226,"(0,0,0)"
ARIMA,3,2025-09-06,64.92,67.86866666666667,64.370636,2.948666666666668,-0.54935956,-3.4980306803385446,3.4980306803385446,"(0,0,0)"
ARIMA,3,2025-09-07,64.92,67.94133333333333,64.370636,3.021333333333331,-0.54935956,-3.5706973470052077,3.5706973470052077,"(0,0,0)"
ARIMA,3,2025-09-08,65.44,68.00733333333334,64.89064,2.5673333333333375,-0.54935956,-3.1166930745442727,3.1166930745442727,"(0,0,0)"
ARIMA,3,2025-09-09,67.97,67.98266666666666,67.42064,0.01266666666666083,-0.54935956,-0.5620276285807222,0.5620276285807222,"(0,0,0)"
ARIMA,3,2025-09-10,67.62,67.87566666666666,67.07064,0.25566666666665583,-0.54935956,-0.8050261027018166,0.8050261027018166,"(0,0,0)"
ARIMA,3,2025-09-11,67.25,67.781,66.70064,0.5310000000000059,-0.54935956,-1.0803621826171934,1.0803621826171934,"(0,0,0)"
ARIMA,3,2025-09-12,67.87,67.66566666666668,67.32064,-0.2043333333333237,-0.54935956,-0.3450261027018371,0.3450261027018371,"(0,0,0)"
ARIMA,3,2025-09-13,67.87,67.54166666666667,67.32064,-0.32833333333333314,-0.54935956,-0.22102610270182765,0.22102610270182765,"(0,0,0)"
ARIMA,3,2025-09-14,67.87,67.37933333333335,67.32064,-0.49066666666665526,-0.54935956,-0.05869276936850554,0.05869276936850554,"(0,0,0)"
ARIMA,3,2025-09-15,67.88,67.19433333333333,67.330635,-0.6856666666666626,-0.54935956,0.13630173746744845,0.13630173746744845,"(0,0,0)"
ARIMA,3,2025-09-16,69.69,66.90733333333334,69.14064,-2.782666666666657,-0.54935956,2.2333069254557216,2.2333069254557216,"(0,0,0)"
ARIMA,3,2025-09-17,69.19,66.642,68.64064,-2.548000000000002,-0.54935956,1.9986402587890666,1.9986402587890666,"(0,0,0)"
ARIMA,3,2025-09-18,67.83,66.422,67.28064,-1.4080000000000013,-0.54935956,0.858639648437503,0.858639648437503,"(0,0,0)"
ARIMA,4,2025-09-19,67.05,66.228,68.014946,-0.8220000000000027,0.96493953,1.7869459838867243,1.7869459838867243,"(0,0,2)"
ARIMA,4,2025-09-20,67.05,66.01666666666667,67.32004,-1.0333333333333314,0.27003783,1.3033711751302093,1.3033711751302093,"(0,0,2)"
ARIMA,4,2025-09-21,67.05,65.815,66.477516,-1.2349999999999994,-0.57248837,0.6625161743164085,0.6625161743164085,"(0,0,2)"
ARIMA,4,2025-09-22,66.87,65.662,66.297516,-1.2079999999999984,-0.57248837,0.6355158691406189,0.6355158691406189,"(0,0,2)"
ARIMA,4,2025-09-23,67.96,65.60733333333333,67.38751,-2.3526666666666642,-0.57248837,1.7801788736979205,1.7801788736979205,"(0,0,2)"
ARIMA,4,2025-09-24,69.64,65.47933333333333,69.06751,-4.160666666666671,-0.57248837,3.588179178873702,3.588179178873702,"(0,0,2)"
ARIMA,4,2025-09-25,70.48,65.32333333333332,69.90752,-5.1566666666666805,-0.57248837,4.584183146158864,4.584183146158864,"(0,0,2)"
ARIMA,4,2025-09-26,71.15,65.145,70.577515,-6.00500000000001,-0.57248837,5.432514648437504,5.432514648437504,"(0,0,2)"
ARIMA,4,2025-09-27,71.15,64.95733333333332,70.577515,-6.192666666666682,-0.57248837,5.620181315104176,5.620181315104176,"(0,0,2)"
ARIMA,4,2025-09-28,71.15,64.71999999999998,70.577515,-6.430000000000021,-0.57248837,5.857514648437515,5.857514648437515,"(0,0,2)"
ARIMA,4,2025-09-29,69.0,64.587,68.42751,-4.412999999999997,-0.57248837,3.8405131225585905,3.8405131225585905,"(0,0,2)"
ARIMA,4,2025-09-30,68.52,64.47333333333333,67.94751,-4.046666666666667,-0.57248837,3.474176432291671,3.474176432291671,"(0,0,2)"
ARIMA,4,2025-10-01,66.67,64.43233333333333,66.09751,-2.2376666666666694,-0.57248837,1.665177958170574,1.665177958170574,"(0,0,2)"
ARIMA,4,2025-10-02,65.44,64.43233333333333,64.867516,-1.0076666666666654,-0.57248837,0.4351822306315114,0.4351822306315114,"(0,0,2)"
ARIMA,4,2025-10-03,66.13,64.40933333333334,65.55751,-1.7206666666666592,-0.57248837,1.1481770426432263,1.1481770426432263,"(0,0,2)"
ARIMA,4,2025-10-04,66.13,64.398,65.55751,-1.7319999999999993,-0.57248837,1.1595103759765664,1.1595103759765664,"(0,0,2)"
ARIMA,4,2025-10-05,66.13,64.36166666666666,65.55751,-1.7683333333333309,-0.57248837,1.195843709309898,1.195843709309898,"(0,0,2)"
ARIMA,4,2025-10-06,67.09,64.24333333333333,66.51751,-2.8466666666666782,-0.57248837,2.2741761271158936,2.2741761271158936,"(0,0,2)"
ARIMA,4,2025-10-07,67.1,64.12033333333333,66.52751,-2.9796666666666596,-0.57248837,2.4071782633463528,2.4071782633463528,"(0,0,2)"
ARIMA,4,2025-10-08,67.42,63.997,66.84751,-3.423000000000002,-0.57248837,2.8505112915039064,2.8505112915039064,"(0,0,2)"
ARIMA,4,2025-10-09,67.23,63.88,66.65752,-3.3500000000000014,-0.57248837,2.777516479492185,2.777516479492185,"(0,0,2)"
ARIMA,4,2025-10-10,64.41,63.857,63.837517,-0.5529999999999973,-0.57248837,-0.019483215332030568,0.019483215332030568,"(0,0,2)"
ARIMA,4,2025-10-11,64.41,63.81033333333334,63.837517,-0.599666666666657,-0.57248837,0.027183451334629183,0.027183451334629183,"(0,0,2)"
ARIMA,4,2025-10-12,64.41,63.79200000000001,63.837517,-0.6179999999999879,-0.57248837,0.04551678466796005,0.04551678466796005,"(0,0,2)"
ARIMA,4,2025-10-13,64.15,63.71633333333333,63.577515,-0.4336666666666744,-0.57248837,-0.13881868489583127,0.13881868489583127,"(0,0,2)"
ARIMA,4,2025-10-14,63.0,63.68766666666668,62.427513,0.6876666666666793,-0.57248837,-1.2601535441080856,1.2601535441080856,"(0,0,2)"
ARIMA,4,2025-10-15,62.33,63.72500000000001,61.757515,1.3950000000000102,-0.57248837,-1.9674850463867273,1.9674850463867273,"(0,0,2)"
ARIMA,4,2025-10-16,61.08,63.804,60.507515,2.7240000000000038,-0.57248837,-3.296485046386721,3.296485046386721,"(0,0,2)"
ARIMA,4,2025-10-17,61.23,63.878000000000014,60.657513,2.6480000000000175,-0.57248837,-3.2204873352050924,3.2204873352050924,"(0,0,2)"
ARIMA,4,2025-10-18,61.23,63.94233333333336,60.657513,2.712333333333362,-0.57248837,-3.284820668538437,3.284820668538437,"(0,0,2)"
ARIMA,4,2025-10-19,61.23,64.06333333333335,60.657513,2.83333333333335,-0.57248837,-3.405820668538425,3.405820668538425,"(0,0,2)"
ARIMA,4,2025-10-20,60.71,64.16566666666667,60.137512,3.4556666666666658,-0.57248837,-4.028154459635417,4.028154459635417,"(0,0,2)"
ARIMA,4,2025-10-21,61.0,64.25366666666667,60.427513,3.2536666666666747,-0.57248837,-3.826153544108081,3.826153544108081,"(0,0,2)"
ARIMA,4,2025-10-22,62.28,64.27033333333334,61.70751,1.9903333333333393,-0.57248837,-2.5628214314778717,2.5628214314778717,"(0,0,2)"
ARIMA,4,2025-10-23,66.32,64.15233333333335,65.74751,-2.1676666666666478,-0.57248837,1.595179484049467,1.595179484049467,"(0,0,2)"
ARIMA,4,2025-10-24,65.8,64.05166666666666,65.227516,-1.7483333333333348,-0.57248837,1.175849507649744,1.175849507649744,"(0,0,2)"
ARIMA,4,2025-10-25,65.8,64.01933333333334,65.227516,-1.7806666666666615,-0.57248837,1.2081828409830706,1.2081828409830706,"(0,0,2)"
ARIMA,4,2025-10-26,65.8,63.958999999999996,65.227516,-1.841000000000001,-0.57248837,1.2685161743164102,1.2685161743164102,"(0,0,2)"
ARIMA,4,2025-10-27,65.52,63.93533333333333,64.94751,-1.5846666666666636,-0.57248837,1.0121764322916675,1.0121764322916675,"(0,0,2)"
ARIMA,4,2025-10-28,64.03,63.94033333333333,63.45751,-0.08966666666667322,-0.57248837,-0.48282143147785916,0.48282143147785916,"(0,0,2)"
ARIMA,4,2025-10-29,65.01,63.909,64.437515,-1.1010000000000062,-0.57248837,0.5285152587890636,0.5285152587890636,"(0,0,2)"
ARIMA,4,2025-10-30,65.11,63.874333333333325,64.53751,-1.235666666666674,-0.57248837,0.6631803995768308,0.6631803995768308,"(0,0,2)"
ARIMA,4,2025-10-31,65.44,63.82866666666666,64.867516,-1.6113333333333344,-0.57248837,1.0388488972981804,1.0388488972981804,"(0,0,2)"
ARIMA,4,2025-11-01,65.44,63.788,64.867516,-1.652000000000001,-0.57248837,1.079515563964847,1.079515563964847,"(0,0,2)"
ARIMA,4,2025-11-02,65.44,63.719,64.867516,-1.7209999999999965,-0.57248837,1.1485155639648426,1.1485155639648426,"(0,0,2)"
ARIMA,4,2025-11-03,65.79,63.65099999999999,65.217514,-2.139000000000017,-0.57248837,1.5665140380859484,1.5665140380859484,"(0,0,2)"
ARIMA,4,2025-11-04,65.04,63.62133333333333,64.467514,-1.4186666666666738,-0.57248837,0.8461807047526051,0.8461807047526051,"(0,0,2)"
ARIMA,4,2025-11-05,63.54,63.650666666666666,62.967514,0.11066666666666691,-0.57248837,-0.6831526285807286,0.6831526285807286,"(0,0,2)"
ARIMA,4,2025-11-06,63.41,63.68433333333334,62.837513,0.2743333333333453,-0.57248837,-0.8468203633626388,0.8468203633626388,"(0,0,2)"
ARIMA,4,2025-11-07,63.72,63.707666666666675,63.147514,-0.012333333333323537,-0.57248837,-0.5601523234049566,0.5601523234049566,"(0,0,2)"
ARIMA,4,2025-11-08,63.72,63.69366666666668,63.147514,-0.02633333333331933,-0.57248837,-0.5461523234049608,0.5461523234049608,"(0,0,2)"
ARIMA,4,2025-11-09,63.72,63.65700000000001,63.147514,-0.06299999999998818,-0.57248837,-0.5094856567382919,0.5094856567382919,"(0,0,2)"
ARIMA,4,2025-11-10,63.01,63.660666666666664,62.43751,0.6506666666666661,-0.57248837,-1.2231552225748672,1.2231552225748672,"(0,0,2)"
ARIMA,4,2025-11-11,63.86,63.594333333333324,63.287514,-0.26566666666667516,-0.57248837,-0.306819600423168,0.306819600423168,"(0,0,2)"
ARIMA,4,2025-11-12,61.88,63.60199999999999,61.307514,1.721999999999987,-0.57248837,-2.2944858093261615,2.2944858093261615,"(0,0,2)"
ARIMA,4,2025-11-13,62.14,63.600999999999985,61.567513,1.4609999999999843,-0.57248837,-2.0334874877929536,2.0334874877929536,"(0,0,2)"
ARIMA,4,2025-11-14,63.45,63.55633333333331,62.877514,0.10633333333331052,-0.57248837,-0.6788194478352665,0.6788194478352665,"(0,0,2)"
ARIMA,4,2025-11-15,63.45,63.49299999999998,62.877514,0.042999999999977945,-0.57248837,-0.6154861145019339,0.6154861145019339,"(0,0,2)"
ARIMA,4,2025-11-16,63.45,63.37566666666665,62.877514,-0.07433333333334957,-0.57248837,-0.4981527811686064,0.4981527811686064,"(0,0,2)"
ARIMA,4,2025-11-17,63.16,63.29066666666666,62.587513,0.13066666666666293,-0.57248837,-0.7031536966959564,0.7031536966959564,"(0,0,2)"
ARIMA,5,2025-11-18,64.86,63.15166666666666,64.27038,-1.7083333333333428,-0.58961964,1.1187114461263121,1.1187114461263121,"(0,0,0)"
ARIMA,5,2025-11-19,63.78,63.07066666666666,63.19038,-0.7093333333333405,-0.58961964,0.11971342976888621,0.11971342976888621,"(0,0,0)"
ARIMA,5,2025-11-20,63.64,62.99433333333332,63.05038,-0.6456666666666777,-0.58961964,0.05604737345378652,0.05604737345378652,"(0,0,0)"
ARIMA,5,2025-11-21,62.78,62.946666666666665,62.19038,0.1666666666666643,-0.58961964,-0.7562865702311186,0.7562865702311186,"(0,0,0)"
ARIMA,5,2025-11-22,62.78,62.92799999999999,62.19038,0.14799999999998903,-0.58961964,-0.7376199035644433,0.7376199035644433,"(0,0,0)"
ARIMA,5,2025-11-23,62.78,62.958666666666666,62.19038,0.17866666666666475,-0.58961964,-0.768286570231119,0.768286570231119,"(0,0,0)"
ARIMA,5,2025-11-24,64.83,62.921,64.24038,-1.908999999999999,-0.58961964,1.3193793334960944,1.3193793334960944,"(0,0,0)"
ARIMA,5,2025-11-25,63.99,62.91133333333334,63.400383,-1.0786666666666633,-0.58961964,0.4890496622721301,0.4890496622721301,"(0,0,0)"
ARIMA,5,2025-11-26,64.81,62.87433333333334,64.220375,-1.9356666666666626,-0.58961964,1.3460417277018166,1.3460417277018166,"(0,0,0)"
ARIMA,5,2025-11-27,64.18,62.85833333333335,63.59038,-1.3216666666666583,-0.58961964,0.7320482889811046,0.7320482889811046,"(0,0,0)"
ARIMA,5,2025-11-28,64.07,62.84600000000001,63.48038,-1.2239999999999824,-0.58961964,0.6343810119628799,0.6343810119628799,"(0,0,0)"
ARIMA,5,2025-11-29,64.07,62.81366666666667,63.48038,-1.2563333333333233,-0.58961964,0.6667143452962208,0.6667143452962208,"(0,0,0)"
ARIMA,5,2025-11-30,64.07,62.75466666666667,63.48038,-1.3153333333333208,-0.58961964,0.7257143452962183,0.7257143452962183,"(0,0,0)"
ARIMA,5,2025-12-01,64.22,62.659,63.630383,-1.561,-0.58961964,0.971382537841798,0.971382537841798,"(0,0,0)"
ARIMA,5,2025-12-02,63.37,62.59166666666666,62.78038,-0.778333333333336,-0.58961964,0.18871358235677604,0.18871358235677604,"(0,0,0)"
ARIMA,5,2025-12-03,63.75,62.53266666666666,63.16038,-1.2173333333333431,-0.58961964,0.627714650472015,0.627714650472015,"(0,0,0)"
ARIMA,5,2025-12-04,64.15,62.460333333333324,63.560383,-1.6896666666666817,-0.58961964,1.1000495096842542,1.1000495096842542,"(0,0,0)"
ARIMA,5,2025-12-05,64.42,62.379,63.83038,-2.041000000000004,-0.58961964,1.4513794860839866,1.4513794860839866,"(0,0,0)"
ARIMA,5,2025-12-06,64.42,62.33166666666666,63.83038,-2.0883333333333383,-0.58961964,1.498712819417321,1.498712819417321,"(0,0,0)"
ARIMA,5,2025-12-07,64.42,62.25433333333333,63.83038,-2.1656666666666737,-0.58961964,1.5760461527506564,1.5760461527506564,"(0,0,0)"
ARIMA,5,2025-12-08,63.3,62.18033333333333,62.71038,-1.1196666666666673,-0.58961964,0.5300472208658888,0.5300472208658888,"(0,0,0)"
ARIMA,5,2025-12-09,62.62,62.20433333333333,62.03038,-0.41566666666666663,-0.58961964,-0.1739530843098933,0.1739530843098933,"(0,0,0)"
ARIMA,5,2025-12-10,63.12,62.270666666666656,62.53038,-0.849333333333341,-0.58961964,0.2597135823567811,0.2597135823567811,"(0,0,0)"
ARIMA,5,2025-12-11,61.87,62.378666666666646,61.28038,0.5086666666666488,-0.58961964,-1.0982864176432088,1.0982864176432088,"(0,0,0)"
ARIMA,5,2025-12-12,62.11,62.47866666666665,61.520382,0.36866666666664827,-0.58961964,-0.9582847391764133,0.9582847391764133,"(0,0,0)"
ARIMA,5,2025-12-13,62.11,62.588333333333324,61.520382,0.4783333333333246,-0.58961964,-1.0679514058430897,1.0679514058430897,"(0,0,0)"
ARIMA,5,2025-12-14,62.11,62.770666666666656,61.520382,0.660666666666657,-0.58961964,-1.250284739176422,1.250284739176422,"(0,0,0)"
ARIMA,5,2025-12-15,61.55,63.014666666666656,60.96038,1.464666666666659,-0.58961964,-2.0542861124674374,2.0542861124674374,"(0,0,0)"
ARIMA,5,2025-12-16,59.93,63.22233333333333,59.34038,3.292333333333332,-0.58961964,-3.8819517110188784,3.8819517110188784,"(0,0,0)"
ARIMA,5,2025-12-17,60.61,63.43433333333334,60.020382,2.8243333333333425,-0.58961964,-3.4139514058431075,3.4139514058431075,"(0,0,0)"
ARIMA,5,2025-12-18,60.69,63.643666666666675,60.10038,2.9536666666666775,-0.58961964,-3.543286722819019,3.543286722819019,"(0,0,0)"
ARIMA,5,2025-12-19,61.35,63.83100000000001,60.76038,2.4810000000000088,-0.58961964,-3.0706202087402445,3.0706202087402445,"(0,0,0)"
ARIMA,5,2025-12-20,61.35,64.01633333333335,60.76038,2.6663333333333483,-0.58961964,-3.255953542073584,3.255953542073584,"(0,0,0)"
ARIMA,5,2025-12-21,61.35,64.22733333333335,60.76038,2.877333333333347,-0.58961964,-3.4669535420735826,3.4669535420735826,"(0,0,0)"
ARIMA,5,2025-12-22,62.22,64.37733333333334,61.630383,2.157333333333341,-0.58961964,-2.746950795491543,2.746950795491543,"(0,0,0)"
ARIMA,5,2025-12-23,63.7,64.436,63.110382,0.7360000000000042,-0.58961964,-1.325617919921882,1.325617919921882,"(0,0,0)"
ARIMA,5,2025-12-24,63.7,64.58466666666668,63.110382,0.8846666666666749,-0.58961964,-1.4742845865885528,1.4742845865885528,"(0,0,0)"
ARIMA,5,2025-12-25,63.7,64.73333333333335,63.110382,1.0333333333333456,-0.58961964,-1.6229512532552235,1.6229512532552235,"(0,0,0)"
ARIMA,5,2025-12-26,63.7,64.88200000000002,63.110382,1.1820000000000164,-0.58961964,-1.7716179199218942,1.7716179199218942,"(0,0,0)"
ARIMA,5,2025-12-27,63.7,65.01533333333334,63.110382,1.3153333333333421,-0.58961964,-1.90495125325522,1.90495125325522,"(0,0,0)"
ARIMA,5,2025-12-28,63.7,65.23466666666668,63.110382,1.5346666666666806,-0.58961964,-2.1242845865885585,2.1242845865885585,"(0,0,0)"
ARIMA,5,2025-12-29,63.1,65.49466666666667,62.51038,2.394666666666673,-0.58961964,-2.9842868754069087,2.9842868754069087,"(0,0,0)"
ARIMA,5,2025-12-30,62.3,65.78466666666668,61.71038,3.4846666666666835,-0.58961964,-4.074286112467462,4.074286112467462,"(0,0,0)"
ARIMA,5,2025-12-31,61.35,66.14800000000001,60.76038,4.798000000000009,-0.58961964,-5.387620208740245,5.387620208740245,"(0,0,0)"
ARIMA,5,2026-01-01,61.35,66.51133333333334,60.76038,5.161333333333339,-0.58961964,-5.7509535420735745,5.7509535420735745,"(0,0,0)"
ARIMA,5,2026-01-02,61.98,66.85366666666667,61.39038,4.873666666666672,-0.58961964,-5.463285807291669,5.463285807291669,"(0,0,0)"
ARIMA,5,2026-01-03,61.98,67.045,61.39038,5.065000000000005,-0.58961964,-5.654619140625002,5.654619140625002,"(0,0,0)"
ARIMA,5,2026-01-04,61.98,67.31266666666667,61.39038,5.332666666666675,-0.58961964,-5.922285807291672,5.922285807291672,"(0,0,0)"
ARIMA,5,2026-01-05,63.0,67.58433333333333,62.41038,4.584333333333333,-0.58961964,-5.1739520161946615,5.1739520161946615,"(0,0,0)"
ARIMA,5,2026-01-06,62.1,67.84333333333333,61.51038,5.743333333333332,-0.58961964,-6.332953542073568,6.332953542073568,"(0,0,0)"
ARIMA,5,2026-01-07,61.08,68.15566666666668,60.490383,7.075666666666677,-0.58961964,-7.665283518473316,7.665283518473316,"(0,0,0)"
ARIMA,5,2026-01-08,63.34,68.39266666666667,62.75038,5.052666666666667,-0.58961964,-5.642285196940108,5.642285196940108,"(0,0,0)"
ARIMA,5,2026-01-09,65.11,68.57066666666667,64.52038,3.4606666666666683,-0.58961964,-4.050288553873699,4.050288553873699,"(0,0,0)"
ARIMA,5,2026-01-10,65.11,68.77333333333333,64.52038,3.663333333333327,-0.58961964,-4.252955220540358,4.252955220540358,"(0,0,0)"
ARIMA,5,2026-01-11,65.11,68.97000000000001,64.52038,3.8600000000000136,-0.58961964,-4.449621887207044,4.449621887207044,"(0,0,0)"
ARIMA,5,2026-01-12,65.4,69.174,64.81038,3.774000000000001,-0.58961964,-4.363620971679694,4.363620971679694,"(0,0,0)"
ARIMA,5,2026-01-13,67.58,69.248,66.99038,1.6680000000000064,-0.58961964,-2.257620666503911,2.257620666503911,"(0,0,0)"
ARIMA,5,2026-01-14,68.87,69.28433333333332,68.28038,0.41433333333331746,-0.58961964,-1.0039530843098845,1.0039530843098845,"(0,0,0)"
ARIMA,5,2026-01-15,66.16,69.411,65.57038,3.2510000000000048,-0.58961964,-3.84061883544922,3.84061883544922,"(0,0,0)"
ARIMA,5,2026-01-16,66.97,69.51066666666665,66.38038,2.5406666666666524,-0.58961964,-3.13028794352212,3.13028794352212,"(0,0,0)"
ARIMA,6,2026-01-17,66.97,69.63866666666668,69.59769,2.668666666666681,2.6276891,-0.040979899088554816,0.040979899088554816,"(3,1,2)"
ARIMA,6,2026-01-18,66.97,69.732,69.3911,2.7620000000000005,2.421099,-0.3409019775390618,0.3409019775390618,"(3,1,2)"
ARIMA,6,2026-01-19,66.91,69.89433333333335,69.11393,2.9843333333333533,2.2039254,-0.7804035847981936,0.7804035847981936,"(3,1,2)"
ARIMA,6,2026-01-20,67.68,70.07733333333333,69.66289,2.3973333333333215,1.9828856,-0.41444576009114087,0.41444576009114087,"(3,1,2)"
ARIMA,6,2026-01-21,66.72,70.27833333333335,68.48344,3.5583333333333513,1.7634339,-1.794896748860694,1.794896748860694,"(3,1,2)"
ARIMA,6,2026-01-22,65.46,70.52133333333335,67.00973,5.0613333333333514,1.5497253,-3.5116058553060014,3.5116058553060014,"(3,1,2)"
ARIMA,6,2026-01-23,68.16,70.67433333333334,69.50483,2.51433333333334,1.3448254,-1.1695039265950555,1.1695039265950555,"(3,1,2)"
ARIMA,6,2026-01-24,68.16,70.79899999999999,69.310905,2.638999999999996,1.1509023,-1.4880945434570236,1.4880945434570236,"(3,1,2)"
ARIMA,6,2026-01-25,68.16,70.90066666666667,69.129395,2.7406666666666695,0.9693908,-1.771272135416666,1.771272135416666,"(3,1,2)"
ARIMA,6,2026-01-26,67.7,71.00033333333334,68.50113,3.3003333333333416,0.8011348,-2.4992041829427194,2.4992041829427194,"(3,1,2)"
ARIMA,6,2026-01-27,70.28,71.04633333333332,70.926506,0.7663333333333213,0.6465075,-0.11982729085285371,0.11982729085285371,"(3,1,2)"
ARIMA,6,2026-01-28,70.9,71.06033333333335,71.40552,0.160333333333341,0.5055138,0.3451842447916533,0.3451842447916533,"(3,1,2)"
ARIMA,6,2026-01-29,71.0,71.07100000000001,71.37788,0.07100000000001216,0.37787625,0.3068762817382691,0.3068762817382691,"(3,1,2)"
ARIMA,6,2026-01-30,72.25,71.04,72.51311,-1.2099999999999937,0.26310688,1.4731072998046812,1.4731072998046812,"(3,1,2)"
ARIMA,6,2026-01-31,72.25,71.20633333333332,72.41057,-1.043666666666681,0.16056617,1.2042349039713685,1.2042349039713685,"(3,1,2)"
ARIMA,6,2026-02-01,72.25,71.574,72.31951,-0.6760000000000019,0.069511935,0.7455114135742207,0.7455114135742207,"(3,1,2)"
ARIMA,6,2026-02-02,67.72,72.03533333333333,67.70914,4.315333333333328,-0.010861577,-4.326196370442702,4.326196370442702,"(3,1,2)"
ARIMA,6,2026-02-03,70.01,72.65466666666666,69.92861,2.6446666666666516,-0.08139213,-2.726054911295563,2.726054911295563,"(3,1,2)"
ARIMA,6,2026-02-04,71.15,73.47433333333332,71.00708,2.324333333333314,-0.14292476,-2.4672532552083197,2.4672532552083197,"(3,1,2)"
ARIMA,6,2026-02-05,69.87,74.33666666666664,69.67371,4.46666666666664,-0.19629265,-4.662952982584613,4.662952982584613,"(3,1,2)"
ARIMA,6,2026-02-06,70.45,75.17966666666663,70.207695,4.729666666666631,-0.24230273,-4.971971659342415,4.971971659342415,"(3,1,2)"
ARIMA,6,2026-02-07,70.45,75.97633333333332,70.168274,5.526333333333312,-0.2817251,-5.808059407552065,5.808059407552065,"(3,1,2)"
ARIMA,6,2026-02-08,70.45,76.62266666666666,70.13471,6.172666666666657,-0.3152859,-6.487954447428379,6.487954447428379,"(3,1,2)"
ARIMA,6,2026-02-09,71.19,77.28233333333334,70.84634,6.092333333333343,-0.34366235,-6.435996968587247,6.435996968587247,"(3,1,2)"
ARIMA,6,2026-02-10,71.01,78.328,70.642525,7.317999999999998,-0.36748055,-7.685475280761722,7.685475280761722,"(3,1,2)"
ARIMA,6,2026-02-11,71.52,79.385,71.13268,7.865000000000009,-0.3873142,-8.252317199707036,8.252317199707036,"(3,1,2)"
ARIMA,6,2026-02-12,69.8,80.49933333333334,69.39632,10.699333333333342,-0.4036852,-11.103016805013027,11.103016805013027,"(3,1,2)"
ARIMA,6,2026-02-13,69.96,81.60833333333333,69.54293,11.64833333333334,-0.41706493,-12.06540273030599,12.06540273030599,"(3,1,2)"
ARIMA,6,2026-02-14,69.96,82.64433333333334,69.53212,12.684333333333342,-0.42787632,-13.112213582356773,13.112213582356773,"(3,1,2)"
ARIMA,6,2026-02-15,69.96,83.92533333333333,69.523506,13.965333333333334,-0.4364964,-14.401827168782546,14.401827168782546,"(3,1,2)"
ARIMA,6,2026-02-16,70.81,85.50133333333333,70.36674,14.691333333333333,-0.44325945,-15.134595967610679,15.134595967610679,"(3,1,2)"
ARIMA,6,2026-02-17,69.77,86.87733333333334,69.32153,17.107333333333344,-0.44845977,-17.55580013020834,17.55580013020834,"(3,1,2)"
ARIMA,6,2026-02-18,71.78,88.432,71.327644,16.652,-0.45235527,-17.10435565185547,17.10435565185547,"(3,1,2)"
ARIMA,6,2026-02-19,73.17,89.94033333333336,72.71483,16.770333333333355,-0.45517045,-17.22550484212242,17.22550484212242,"(3,1,2)"
ARIMA,6,2026-02-20,72.75,91.46266666666669,72.2929,18.712666666666692,-0.45709968,-19.169766581217473,19.169766581217473,"(3,1,2)"
ARIMA,6,2026-02-21,72.75,92.49733333333334,72.29169,19.747333333333344,-0.45831013,-20.205646321614594,20.205646321614594,"(3,1,2)"
ARIMA,6,2026-02-22,72.75,93.68633333333335,72.29105,20.93633333333335,-0.45894477,-21.395279561360695,21.395279561360695,"(3,1,2)"
ARIMA,6,2026-02-23,71.9,94.92766666666668,71.44088,23.027666666666676,-0.45912507,-23.486786844889338,23.486786844889338,"(3,1,2)"
ARIMA,6,2026-02-24,71.21,96.33366666666667,70.751045,25.12366666666668,-0.45895344,-25.58262143961589,25.58262143961589,"(3,1,2)"
ARIMA,6,2026-02-25,70.69,98.02633333333331,70.23148,27.336333333333314,-0.45851567,-27.794849873860656,27.794849873860656,"(3,1,2)"
ARIMA,6,2026-02-26,71.66,99.68666666666665,71.20212,28.026666666666657,-0.45788294,-28.484548746744778,28.484548746744778,"(3,1,2)"
ARIMA,6,2026-02-27,71.32,101.35833333333332,70.862885,30.038333333333327,-0.45711386,-30.495448811848945,30.495448811848945,"(3,1,2)"
ARIMA,6,2026-02-28,71.32,103.04366666666665,70.86375,31.72366666666666,-0.45625615,-32.179920023600246,32.179920023600246,"(3,1,2)"
ARIMA,6,2026-03-01,71.32,104.88933333333331,70.864655,33.56933333333332,-0.4553482,-34.02467879231769,34.02467879231769,"(3,1,2)"
ARIMA,6,2026-03-02,77.24,106.29999999999998,76.785576,29.059999999999988,-0.4544205,-29.514424133300764,29.514424133300764,"(3,1,2)"
ARIMA,6,2026-03-03,83.28,107.77766666666665,82.8265,24.497666666666646,-0.45349675,-24.951166727701803,24.951166727701803,"(3,1,2)"
ARIMA,6,2026-03-04,81.56,109.31266666666669,81.1074,27.752666666666684,-0.45259514,-28.20526767985028,28.20526767985028,"(3,1,2)"
ARIMA,6,2026-03-05,88.59,110.61333333333336,88.13827,22.023333333333355,-0.45172906,-22.475065816243514,22.475065816243514,"(3,1,2)"
ARIMA,6,2026-03-06,95.74,111.67566666666669,95.28909,15.935666666666691,-0.45090806,-16.38657364908856,16.38657364908856,"(3,1,2)"
ARIMA,6,2026-03-07,95.74,112.73800000000001,95.289856,16.99800000000002,-0.45013857,-17.448144042968764,17.448144042968764,"(3,1,2)"
ARIMA,6,2026-03-08,95.74,114.1536666666667,95.29057,18.4136666666667,-0.4494244,-18.863093546549507,18.863093546549507,"(3,1,2)"
ARIMA,6,2026-03-09,94.35,115.07900000000002,93.90123,20.729000000000028,-0.44876736,-21.177770141601584,21.177770141601584,"(3,1,2)"
ARIMA,6,2026-03-10,89.84,116.05200000000004,89.39183,26.21200000000003,-0.44816765,-26.660169555664098,26.660169555664098,"(3,1,2)"
ARIMA,6,2026-03-11,90.98,116.98833333333337,90.53238,26.00833333333337,-0.44762427,-26.455954182942747,26.455954182942747,"(3,1,2)"
ARIMA,6,2026-03-12,102.38,117.5446666666667,101.93286,15.164666666666704,-0.44713524,-15.6118053385417,15.6118053385417,"(3,1,2)"
ARIMA,6,2026-03-13,103.23,118.07266666666669,102.7833,14.842666666666688,-0.44669795,-15.289364359537785,15.289364359537785,"(3,1,2)"
ARIMA,6,2026-03-14,103.23,118.74100000000003,102.78369,15.511000000000024,-0.44630933,-15.957308593750028,15.957308593750028,"(3,1,2)"
ARIMA,6,2026-03-15,103.23,119.40933333333336,102.784035,16.17933333333336,-0.44596604,-16.62529860432946,16.62529860432946,"(3,1,2)"
ARIMA,6,2026-03-16,101.04,120.15066666666671,100.59434,19.110666666666702,-0.44566455,-19.556329203287802,19.556329203287802,"(3,1,2)"
ARIMA,6,2026-03-17,108.39,120.64700000000002,107.944595,12.25700000000002,-0.44540134,-12.702404663085957,12.702404663085957,"(3,1,2)"
