model,role,test_rmse_mean,rolling_rmse_mean,rolling_score,mainline_pass
late_gru_gate_validation_selected_top2,mainline,15.470465802144203,4.795701457782832,6.023644602594902,true
Image,single_modal_control,15.880632423056282,5.252713508570863,6.444197575926772,false
Text,single_modal_control,16.00996802897935,5.141431848935406,6.355667420190096,false
late.gru_concat,fusioner_control,16.124977118042665,4.968824145850442,6.226664292297265,false
intermediate.gated,fusioner_control,16.12508007656361,5.288026964978973,6.5116077628650535,false
Naive,baseline_control,16.238835181945973,5.218523313240942,6.467657870235648,false
Structured,single_modal_control,16.238835181945973,5.218523456357277,6.467657997853492,false
HAR-no-leak,baseline_control,17.013000005567893,5.384639542607328,6.744085739263391,false
LSTM,baseline_control,19.66246005895684,5.765513260701238,7.229016499071867,false
